2.8147,-25.000000,0.0023421840629964663,0.0017000000000000348,0.03712384329536367,74.10469999999987
2.9147,-25.000000,0.003876397553000288,0.0025999999999999357,0.035508707162460906,70.02230000000009
3.0147,-25.000000,0.0047326207129998465,0.0031000000000001027,0.03386928326816119,66.18129999999974
3.1147,-25.000000,0.0051256304229951866,0.0034000000000000696,0.03213270832827353,62.330099999999675
3.2147,-25.000000,0.005209876923004231,0.0035000000000000586,0.03050542831467229,58.79619999999977
3.3147,-25.000000,0.005094438952994551,0.0036000000000000476,0.028817428897578656,55.261099999999715
3.4147,-25.000000,0.004856334753000624,0.0035000000000000586,0.02691083962791152,51.40299999999979
3.5147,-25.000000,0.004549124473001598,0.0033000000000000806,0.02517426468802375,47.9056999999998
3.6147,-25.000000,0.004209483883002463,0.0031000000000001027,0.022854783474607232,43.43489999999974
3.7147,-25.000000,0.003862112212999591,0.0028999999999999027,0.02147038107497634,40.6275999999998
3.8147,-25.000000,0.0035224734630077137,0.0026999999999999247,0.019928108226265007,37.57420000000002
3.9147,-25.000000,0.0032001752030055286,0.0024999999999999467,0.01815510164428147,34.16439999999966
4.0147,-25.000000,0.0029002443630048447,0.0023999999999999577,0.016697835960459595,31.33759999999984
4.1147,-25.000000,0.0026248022130062054,0.0019000000000000128,0.013455419813955927,25.429599999999937
4.2147,-25.000000,0.002374876882996091,0.0018000000000000238,0.012908945182522724,24.272699999999986
4.3147,-25.000000,0.002149100072998067,0.0017000000000000348,0.01177956427756055,22.092999999999847
4.5147,-25.000000,0.0017646421730006523,0.0014000000000000679,0.009642241274621655,18.016000000000076
4.7147,-25.000000,0.0014572492130042747,0.001100000000000101,0.007820659169844424,14.573899999999867
4.9147,-25.000000,0.0012116164929949491,0.0008999999999999009,0.006084084229956543,11.32629999999972
5.1147,-25.000000,0.0010156302730024436,0.0007999999999999119,0.004833264518009361,8.994400000000041
5.3147,-25.000000,0.0008574547930066956,0.0006999999999999229,0.003922473465620913,7.2763999999997395
5.5147,-25.000000,0.0007302769130035358,0.0005999999999999339,0.003655308090253495,6.730399999999918
5.7147,-25.000000,0.0006263039529983416,0.0004999999999999449,0.003254560027202369,5.9517000000000735
5.9147,-25.000000,0.0005411042029948021,0.00039999999999995595,0.0028902436062467896,5.25610000000006
6.1147,-25.000000,0.00047018021300004875,0.00029999999999996696,0.0021130352415418274,3.8539999999998145
6.3147,-25.000000,0.0004119472829984261,0.00029999999999996696,0.0019187331503656146,3.49369999999999
2.8147,-20.000000,0.0019673661730053027,0.0019000000000000128,0.04402156753212072,87.46270000000004
2.9147,-20.000000,0.003659266672997319,0.0027999999999999137,0.04179923736429225,82.20339999999987
3.0147,-20.000000,0.004625597132999815,0.0034000000000000696,0.039576907196463784,77.24929999999995
3.1147,-20.000000,0.005095197242994232,0.0038000000000000256,0.03767031792679676,72.97820000000002
3.2147,-20.000000,0.005231356113000629,0.0038000000000000256,0.03445218954169005,66.60809999999992
3.3147,-20.000000,0.00515068439300137,0.0040000000000000036,0.032156996089670375,61.884199999999964
3.4147,-20.000000,0.004935614152998369,0.0040000000000000036,0.03119762951448768,59.584699999999884
3.5147,-20.000000,0.004640584352998189,0.0038000000000000256,0.028380249192432094,54.09559999999965
3.6147,-20.000000,0.0043066180629978135,0.0036000000000000476,0.0265950987297503,50.529199999999946
3.7147,-20.000000,0.003959673813000109,0.0033000000000000806,0.024178466470745286,45.85590000000002
3.8147,-20.000000,0.003617554342994822,0.0031000000000001027,0.022696913025526455,42.86959999999999
3.9147,-20.000000,0.0032905859330014664,0.0027999999999999137,0.019381633594831693,36.74519999999984
4.0147,-20.000000,0.002985740952993865,0.0025999999999999357,0.01849513030383987,34.83129999999983
4.1147,-20.000000,0.0027049271629948635,0.0022999999999999687,0.0166249726762685,31.278299999999945
4.2147,-20.000000,0.0024485604729989063,0.0020999999999999908,0.013661865785830618,25.858299999999872
4.3147,-20.000000,0.002217893592998621,0.0019000000000000128,0.013358268768367765,25.05659999999989
4.5147,-20.000000,0.0018231766329961374,0.0016000000000000458,0.010929492628664383,20.441199999999753
4.7147,-20.000000,0.0015065890929975012,0.0013000000000000789,0.008974327836203333,16.71270000000004
4.9147,-20.000000,0.001253149012995891,0.001100000000000101,0.007347047822602315,13.653800000000047
5.1147,-20.000000,0.0010498797330029674,0.0008999999999999009,0.0059262137808757664,10.98239999999987
5.3147,-20.000000,0.0008861382929978845,0.0006999999999999229,0.004553955261943465,8.442399999999907
5.5147,-20.000000,0.0007537074129970733,0.0005999999999999339,0.003631020328856316,6.755200000000059
5.7147,-20.000000,0.0006460122330054219,0.0004999999999999449,0.00335171107279042,6.1698999999998705
5.9147,-20.000000,0.0005575101030075302,0.00029999999999996696,0.002003740315255298,3.768000000000029
6.1147,-20.000000,0.0004850464029999557,0.00039999999999995595,0.002598790469482415,4.746499999999742
6.3147,-20.000000,0.0004240984229966216,0.00029999999999996696,0.00208874748014487,3.822400000000016
2.8147,-17.500000,0.00174713430300244,0.0019000000000000128,0.047215408155830474,93.60770000000002
2.9147,-17.500000,0.0035255835129959223,0.0029999999999998916,0.04495664634590635,88.27569999999969
3.0147,-17.500000,0.004553333323002562,0.0036000000000000476,0.042661452893886787,83.12639999999965
3.1147,-17.500000,0.005065772983002148,0.0040999999999999925,0.039467612270177144,76.59609999999975
3.2147,-17.500000,0.005233413322997649,0.0041999999999999815,0.03787676389867156,72.97159999999985
3.3147,-17.500000,0.005173866803005467,0.0042999999999999705,0.035654433730843094,68.29599999999982
3.4147,-17.500000,0.004971386093004071,0.0041999999999999815,0.03306778714205916,63.14059999999972
3.5147,-17.500000,0.004684793322994096,0.0040000000000000036,0.03074830592864264,58.53899999999976
3.6147,-17.500000,0.004354387402997872,0.0038000000000000256,0.028270954266145454,53.69869999999992
3.7147,-17.500000,0.004008401253003058,0.0036000000000000476,0.026364364996478318,49.896600000000035
3.8147,-17.500000,0.003665368343007458,0.0033000000000000806,0.023741286765598946,44.89019999999982
3.9147,-17.500000,0.0033365916630003767,0.0029999999999998916,0.021227503461006103,40.10149999999976
4.0147,-17.500000,0.003029113853003196,0.0026999999999999247,0.01952736016321377,36.78179999999975
4.1147,-17.500000,0.0027453838330018243,0.0024999999999999467,0.017171447307701815,32.35629999999992
4.2147,-17.500000,0.0024870804830072757,0.0021999999999999797,0.015859908192262018,29.791400000000067
4.3147,-17.500000,0.0022528799029970514,0.0020000000000000018,0.013916887280499446,26.17470000000003
4.5147,-17.500000,0.001853215253007079,0.0017000000000000348,0.011597406067082927,21.69360000000006
4.7147,-17.500000,0.001531929503002516,0.0013000000000000789,0.009277924853666186,17.310599999999795
4.9147,-17.500000,0.0012744012529992688,0.001100000000000101,0.00752920603308016,14.000500000000102
5.1147,-17.500000,0.0010670260329987968,0.0008999999999999009,0.006557695577198763,12.08349999999973
5.3147,-17.500000,0.0009010649429939122,0.0006999999999999229,0.004881840040803498,9.042599999999766
5.5147,-17.500000,0.0007659669130077873,0.0005999999999999339,0.003995336749811673,7.386199999999917
5.7147,-17.500000,0.0006565150030013456,0.0005999999999999339,0.003412430476283035,6.299599999999828
5.9147,-17.500000,0.0005667312830013316,0.0004999999999999449,0.0031695528623125746,5.784899999999652
6.1147,-17.500000,0.00049277643300627,0.00039999999999995595,0.0026959415150705768,4.92009999999982
6.3147,-17.500000,0.00043098254299422933,0.00039999999999995595,0.0023680567362107663,4.296899999999823
2.8147,-15.000000,0.0015065385330075287,0.0019000000000000128,0.04987491802880528,98.76609999999982
2.9147,-15.000000,0.0033735486230028755,0.0031000000000001027,0.04653535083671334,91.58649999999989
3.0147,-15.000000,0.004466262673005872,0.0038000000000000256,0.045333106647560295,88.26899999999978
3.1147,-15.000000,0.005024389873000246,0.0041999999999999815,0.041519928108226356,80.67740000000003
3.2147,-15.000000,0.005224605872996335,0.0043999999999999595,0.040244820634882106,77.49109999999973
3.3147,-15.000000,0.005187792762995969,0.0043999999999999595,0.03753673523911305,71.96659999999974
3.4147,-15.000000,0.005000391682997929,0.0043999999999999595,0.03497437641172618,66.78659999999991
3.5147,-15.000000,0.0047213480330015045,0.0041999999999999815,0.03233915430014822,61.52399999999989
3.6147,-15.000000,0.0043966576429994575,0.0039000000000000146,0.029169601437835535,55.48739999999998
3.7147,-15.000000,0.004052608023002335,0.0037000000000000366,0.0276151847084255,52.27189999999973
3.8147,-15.000000,0.0037092949229986516,0.0034000000000000696,0.024943530954752102,47.159599999999955
3.9147,-15.000000,0.0033792784030026723,0.0031000000000001027,0.022381172127365012,42.28530000000001
4.0147,-15.000000,0.003069595523001567,0.0027999999999999137,0.0206810288295729,38.93149999999969
4.1147,-15.000000,0.0027823479630058046,0.0025999999999999357,0.019150899861559822,35.85770000000002
4.2147,-15.000000,0.0025214152729944317,0.0022999999999999687,0.01756005149005424,32.779099999999744
4.3147,-15.000000,0.0022859987529955106,0.0020999999999999908,0.014779102810094091,27.70199999999977
4.5147,-15.000000,0.0018818479330064974,0.0017000000000000348,0.012010298010832421,22.483099999999922
4.7147,-15.000000,0.0015561644329977753,0.0014000000000000679,0.009581521871129262,17.883699999999862
4.9147,-15.000000,0.0012948562529970786,0.0012000000000000899,0.007917810215432586,14.731199999999717
5.1147,-15.000000,0.0010845331130013847,0.0009999999999998899,0.006594127219294088,12.17529999999988
5.3147,-15.000000,0.0009155937230076461,0.0007999999999999119,0.005063998251281232,9.380999999999858
5.5147,-15.000000,0.0007782059829963828,0.0006999999999999229,0.003436718237679992,6.445400000000063
5.7147,-15.000000,0.000666920203002519,0.0005999999999999339,0.003594588686760769,6.613199999999779
5.9147,-15.000000,0.0005756452329990225,0.0004999999999999449,0.0034488621183784707,6.302899999999681
6.1147,-15.000000,0.0005005037429981485,0.00039999999999995595,0.0027445170378647132,5.022500000000036
6.3147,-15.000000,0.00043790068299642826,0.00039999999999995595,0.0035217254025696754,6.308500000000095
2.8147,-12.500000,0.001247285033002754,0.0019000000000000128,0.0520608165545382,102.95010000000002
2.9147,-12.500000,0.003204667043007703,0.0032000000000000917,0.04872124936244637,95.82339999999976
3.0147,-12.500000,0.004362945652999883,0.0039000000000000146,0.04781045831005748,92.98859999999968
3.1147,-12.500000,0.004968856903005303,0.0043999999999999595,0.0451995239598767,87.40020000000004
3.2147,-12.500000,0.005202407403004372,0.0045999999999999375,0.04249143856410764,81.72710000000006
3.3147,-12.500000,0.005189507303001051,0.0045999999999999375,0.039443324508780186,75.56909999999971
3.4147,-12.500000,0.005017626213003723,0.0044999999999999485,0.0357880164185268,68.41709999999966
3.5147,-12.500000,0.004750650812994195,0.0042999999999999705,0.033905714910256846,64.48999999999978
3.6147,-12.500000,0.004430728982995902,0.0040999999999999925,0.031161197872392243,59.1259
3.7147,-12.500000,0.004089044053003477,0.0038000000000000256,0.02841668083452753,53.83359999999993
3.8147,-12.500000,0.0037463471630019285,0.0035000000000000586,0.026036480217618285,49.20179999999982
3.9147,-12.500000,0.0034157586329968126,0.0032000000000000917,0.023619847958613605,44.5637999999999
4.0147,-12.500000,0.0031035435030020153,0.0028999999999999027,0.021895416899424536,41.078199999999924
4.1147,-12.500000,0.002815984522996473,0.0026999999999999247,0.02012241031744111,37.65189999999984
4.2147,-12.500000,0.0025530711129988504,0.0023999999999999577,0.018531561945935415,34.559299999999894
4.3147,-12.500000,0.00231634837300021,0.0021999999999999797,0.015398440725718499,28.897099999999682
4.5147,-12.500000,0.0019077092830031006,0.0018000000000000238,0.012471765477376051,23.324699999999666
4.7147,-12.500000,0.0015782176830043682,0.0014000000000000679,0.010079420979768328,18.806099999999788
4.9147,-12.500000,0.0013132841729941447,0.0012000000000000899,0.008354989920579037,15.49350000000004
5.1147,-12.500000,0.001100435113002618,0.0009999999999998899,0.006436256770213533,11.95010000000002
5.3147,-12.500000,0.0009292036530013092,0.0007999999999999119,0.005525465717824862,10.213400000000092
5.5147,-12.500000,0.0007900777529954439,0.0005999999999999339,0.003995336749811673,7.433599999999842
5.7147,-12.500000,0.0006768924030069456,0.0005999999999999339,0.004116775556797014,7.531199999999899
5.9147,-12.500000,0.0005842270630012081,0.0004999999999999449,0.003339567192091941,6.110099999999875
6.1147,-12.500000,0.0005077232130048515,0.00039999999999995595,0.0038374663007311183,6.916400000000067
6.3147,-12.500000,0.0004446751730000642,0.0004999999999999449,0.0030116824132320197,5.454400000000078
2.8147,-10.000000,0.0009727484130053199,0.0019000000000000128,0.05408884463119046,106.70379999999977
2.9147,-10.000000,0.0030204211229971634,0.0032000000000000917,0.05220654312292028,102.13359999999966
3.0147,-10.000000,0.004242430592995561,0.0040000000000000036,0.049850630267408325,96.86819999999989
3.1147,-10.000000,0.004894867302994044,0.0044999999999999485,0.045806717994802515,88.7801999999997
3.2147,-10.000000,0.005163953613006811,0.0046999999999999265,0.043948704247929515,84.54419999999982
3.3147,-10.000000,0.005174836763004009,0.0046999999999999265,0.040014086901610346,76.79500000000007
3.4147,-10.000000,0.00502131152299512,0.0045999999999999375,0.03751244747771609,71.59040000000005
3.5147,-10.000000,0.004765566052995496,0.0043999999999999595,0.03479221820124834,66.19959999999992
3.6147,-10.000000,0.004451840843003652,0.0041999999999999815,0.03244844922643486,61.4686999999999
3.7147,-10.000000,0.00411322351300214,0.0039000000000000146,0.02992252204114354,56.508800000000065
3.8147,-10.000000,0.003773738953000816,0.0036000000000000476,0.02670439365603683,50.46990000000005
3.9147,-10.000000,0.003443679192997706,0.0033000000000000806,0.02414203482864985,45.54559999999992
4.0147,-10.000000,0.0031325510330049156,0.0029999999999998916,0.021907560780123014,41.233999999999924
4.1147,-10.000000,0.002843228982996493,0.0027999999999999137,0.0208146115172565,38.92470000000003
4.2147,-10.000000,0.0025792983730070773,0.0024999999999999467,0.019138755980861344,35.66849999999977
4.3147,-10.000000,0.0023395617130006485,0.0022999999999999687,0.01757219537075272,32.667399999999816
4.5147,-10.000000,0.001929538983006296,0.0019000000000000128,0.013200398319287099,24.635699999999815
4.7147,-10.000000,0.0015970099330075982,0.0015000000000000568,0.010431593520025428,19.436099999999897
4.9147,-10.000000,0.0013293779630032532,0.0012000000000000899,0.008755737983630163,16.21479999999974
5.1147,-10.000000,0.001114620703006608,0.0009999999999998899,0.00693415587885271,12.838799999999992
5.3147,-10.000000,0.0009411188530066283,0.0007999999999999119,0.005136861535472437,9.565200000000004
5.5147,-10.000000,0.0008002220930052317,0.0006999999999999229,0.005234012581060488,9.581299999999828
5.7147,-10.000000,0.0006857422430073257,0.0005999999999999339,0.00394676122701787,7.265300000000025
5.9147,-10.000000,0.0005920939429984173,0.0004999999999999449,0.0034245743569815135,6.2608000000000175
6.1147,-10.000000,0.0005145926130012413,0.0004999999999999449,0.0030238262939304983,5.510999999999967
6.3147,-10.000000,0.00045067369299545135,0.00039999999999995595,0.00230733733271804,4.234999999999673
2.8147,-8.000000,0.000743431393004812,0.0019000000000000128,0.05418599567677851,107.15020000000004
2.9147,-8.000000,0.0028602750929991316,0.0032000000000000917,0.05258300342457445,102.99240000000009
3.0147,-8.000000,0.004132478453001909,0.0040999999999999925,0.049595608772739386,96.65819999999985
3.1147,-8.000000,0.004823558653001214,0.0044999999999999485,0.04692395501906599,90.88839999999982
3.2147,-8.000000,0.005118724303002864,0.0046999999999999265,0.04340222961649631,83.80209999999988
3.3147,-8.000000,0.005151223693005136,0.0047999999999999154,0.040718431982124326,78.19159999999965
3.4147,-8.000000,0.0050122066830056156,0.0046999999999999265,0.03833823136521519,73.1259
3.5147,-8.000000,0.00476583681300724,0.0044999999999999485,0.03570300925363723,67.8481999999999
3.6147,-8.000000,0.00445849919300656,0.0042999999999999705,0.03315279430694873,62.74559999999974
3.7147,-8.000000,0.004124204453006541,0.0040000000000000036,0.030687586525149912,57.877500000000055
3.8147,-8.000000,0.003787041132994773,0.0037000000000000366,0.027190148883977416,51.36999999999989
3.9147,-8.000000,0.0034583869030058167,0.0034000000000000696,0.024518495130303908,46.25679999999966
4.0147,-8.000000,0.0031470490330036682,0.0031000000000001027,0.02331625094115075,43.67609999999968
4.1147,-8.000000,0.0028590107230002104,0.0027999999999999137,0.021385373910086658,39.94380000000001
4.2147,-8.000000,0.002594994063002787,0.0024999999999999467,0.01962451120880182,36.55609999999979
4.3147,-8.000000,0.0023562829029941668,0.0022999999999999687,0.016199936851820418,30.36299999999983
4.5147,-8.000000,0.0019433364929994923,0.0019000000000000128,0.013151822796492851,24.56999999999971
4.7147,-8.000000,0.001608590293002976,0.0015000000000000568,0.011488111140796176,21.26369999999997
4.9147,-8.000000,0.0013399896029966385,0.0013000000000000789,0.008937896194107897,16.548299999999927
5.1147,-8.000000,0.001123681782999597,0.0008999999999999009,0.00646054453161049,12.047799999999825
5.3147,-8.000000,0.0009491657930027486,0.0008999999999999009,0.0055497534792218195,10.260099999999966
5.5147,-8.000000,0.0008074791730052766,0.0006999999999999229,0.004881840040803498,8.972999999999956
5.7147,-8.000000,0.0006922768429973303,0.0005999999999999339,0.004128919437495493,7.571599999999762
5.9147,-8.000000,0.0005976280829997904,0.0004999999999999449,0.0034245743569815135,6.262699999999768
6.1147,-8.000000,0.00047820628300598855,0.0004999999999999449,0.0040803439147014675,7.4068999999999505
6.3147,-8.000000,0.0004153286130019751,0.00039999999999995595,0.003570300925363812,6.474199999999655
2.8147,-6.000000,0.0005115358830067862,0.0018000000000000238,0.055291088820343504,109.13149999999996
2.9147,-6.000000,0.0026920212529972787,0.0032000000000000917,0.05302018312972101,103.94579999999996
3.0147,-6.000000,0.004013240763001136,0.0040999999999999925,0.05057926310931926,98.47609999999986
3.1147,-6.000000,0.004740397413002029,0.0045999999999999375,0.047761882787263565,92.44299999999976
3.2147,-6.000000,0.005063291902999367,0.0047999999999999154,0.04478663201612709,86.21219999999994
3.3147,-6.000000,0.005115018352995548,0.0047999999999999154,0.04142277706263808,79.44540000000006
3.4147,-6.000000,0.004990445393005416,0.0046999999999999265,0.03889684987734687,74.14869999999974
3.5147,-6.000000,0.004754403133006235,0.0045999999999999375,0.036055181793894,68.48009999999977
3.6147,-6.000000,0.004454488082998864,0.0042999999999999705,0.033674981176984864,63.66989999999987
3.7147,-6.000000,0.004125424902994723,0.0040000000000000036,0.03128263667937725,58.95730000000003
3.8147,-6.000000,0.003791515792997302,0.0037000000000000366,0.027505889782138748,51.91579999999976
3.9147,-6.000000,0.0034646817930052975,0.0034000000000000696,0.025854322007140773,48.53829999999971
4.0147,-6.000000,0.003155748902997857,0.0031000000000001027,0.023716999004201766,44.40099999999984
4.1147,-6.000000,0.0028687760929955175,0.0027999999999999137,0.02173754645034376,40.578700000000026
4.2147,-6.000000,0.0026054073830010793,0.0025999999999999357,0.019903820464867716,37.0628999999999
4.3147,-6.000000,0.0023655946729945754,0.0022999999999999687,0.018191533286377015,33.79320000000007
4.5147,-6.000000,0.0019529693829980488,0.0019000000000000128,0.014147621013771206,26.283300000000054
4.7147,-6.000000,0.0016180094330024986,0.0016000000000000458,0.011281665168921373,20.923199999999724
4.9147,-6.000000,0.0013479707830015286,0.0014000000000000679,0.009666529036018834,17.811899999999696
5.1147,-6.000000,0.0011308616929994741,0.001100000000000101,0.007128457970028923,13.198199999999815
5.3147,-6.000000,0.000920647113005657,0.0008999999999999009,0.007468486629587434,13.675199999999677
5.5147,-6.000000,0.000813261082996064,0.0006999999999999229,0.006679134384183771,12.116999999999734
5.7147,-6.000000,0.0006974934029955193,0.0005999999999999339,0.0042382143637821335,7.766000000000076
5.9147,-6.000000,0.0005684936329970469,0.0005999999999999339,0.004566099142642166,8.310899999999947
6.1147,-6.000000,0.0004907984429962653,0.0004999999999999449,0.003995336749811673,7.248999999999796
6.3147,-6.000000,0.0004268654229946378,0.00039999999999995595,0.003497437641172718,6.340899999999692
2.8147,-5.000000,0.0003953105329941309,0.0018000000000000238,0.055716124644791476,109.88670000000002
2.9147,-5.000000,0.0026065409929998395,0.0032000000000000917,0.053991693585602296,105.55819999999994
3.0147,-5.000000,0.003949861443004465,0.0040999999999999925,0.05091929176887777,99.08519999999999
3.1147,-5.000000,0.004694313393002858,0.0044999999999999485,0.04801690428193239,92.90779999999995
3.2147,-5.000000,0.005030289613003447,0.0047999999999999154,0.04502950963009733,86.63369999999986
3.3147,-5.000000,0.005091916663005236,0.0047999999999999154,0.04168994243800561,79.90249999999969
3.4147,-5.000000,0.004974546943003588,0.0046999999999999265,0.039103295849221564,74.50979999999981
3.5147,-5.000000,0.004743791812998666,0.0045999999999999375,0.03643164209554817,69.12329999999974
3.6147,-5.000000,0.004448093703004474,0.0042999999999999705,0.033893571029558256,64.05089999999973
3.7147,-5.000000,0.004122044843001049,0.0040000000000000036,0.03152551429334771,59.373999999999796
3.8147,-5.000000,0.0037901095730035195,0.0037000000000000366,0.02773662351541062,52.30060000000003
3.9147,-5.000000,0.003465117523006711,0.0034000000000000696,0.02597576081412578,48.76369999999997
4.0147,-5.000000,0.003157915233003905,0.0031000000000001027,0.022611905860636772,42.52340000000004
4.1147,-5.000000,0.0028718973429988637,0.0028999999999999027,0.020705316590969858,38.81979999999976
4.2147,-5.000000,0.002609251322994055,0.0025999999999999357,0.01837369149685486,34.43589999999995
4.3147,-5.000000,0.0023696061929996404,0.0024999999999999467,0.017499332086561625,32.60590000000002
4.5147,-5.000000,0.0019566697129960176,0.0018000000000000238,0.012945376824618049,24.22460000000001
4.7147,-5.000000,0.0016205939929960778,0.0016000000000000458,0.01028586695164313,19.240999999999985
4.9147,-5.000000,0.0013510377730057144,0.0013000000000000789,0.009071478881791495,16.80179999999973
5.1147,-5.000000,0.0011332527530072412,0.001100000000000101,0.007407767226094819,13.6895999999997
5.3147,-5.000000,0.0009582031029964355,0.0008999999999999009,0.0068005731911691125,12.43809999999985
5.5147,-5.000000,0.0008155530729965221,0.0007999999999999119,0.005379739149442564,9.836399999999685
5.7147,-5.000000,0.0006696939530002055,0.0006999999999999229,0.005185437058266351,9.454899999999725
5.9147,-5.000000,0.0005745413429991686,0.0005999999999999339,0.0045175236198479185,8.21409999999969
6.1147,-5.000000,0.0004963889430058543,0.0004999999999999449,0.00394676122701787,7.166899999999714
6.3147,-5.000000,0.000432028163004361,0.00039999999999995595,0.0034610059990771713,6.272099999999682
2.8147,-4.000000,0.0002796862030010061,0.0017000000000000348,0.05600757778155596,110.42069999999967
2.9147,-4.000000,0.0025191836830060765,0.0031000000000001027,0.054234571199572534,105.98810000000003
3.0147,-4.000000,0.0038842502130052026,0.0040000000000000036,0.051222888786340626,99.62779999999975
3.1147,-4.000000,0.004645306433005203,0.0044999999999999485,0.048235494134505674,93.26260000000002
3.2147,-4.000000,0.0049939582730047505,0.0047999999999999154,0.04517523619847963,86.87469999999985
3.3147,-4.000000,0.0050653311329966755,0.0047999999999999154,0.0418963884098803,80.22389999999996
3.4147,-4.000000,0.004954946232999191,0.0047999999999999154,0.03983192869113261,75.73000000000002
3.5147,-4.000000,0.004729910963007455,0.0045999999999999375,0.03663808806742286,69.45119999999997
3.6147,-4.000000,0.0044386772130025065,0.0042999999999999705,0.03406358535933751,64.3462999999997
3.7147,-4.000000,0.004115890573004322,0.0040999999999999925,0.031695528623126856,59.66769999999997
3.8147,-4.000000,0.0037863161330022876,0.0037000000000000366,0.027712335754013773,52.277700000000095
3.9147,-4.000000,0.00346338660300205,0.0035000000000000586,0.025817890365045004,48.49129999999968
4.0147,-4.000000,0.003157268033007199,0.0031000000000001027,0.023413401986738913,43.9074999999998
4.1147,-4.000000,0.0028724317830040036,0.0027999999999999137,0.020353144050712868,38.20809999999983
4.2147,-4.000000,0.0026102756430077534,0.0025999999999999357,0.01766934641634077,33.215799999999945
4.3147,-4.000000,0.0023716781730058756,0.0023999999999999577,0.016819274767444714,31.435500000000047
4.5147,-4.000000,0.0019588931029943524,0.0019000000000000128,0.012981808466713596,24.280299999999897
4.7147,-4.000000,0.0016236152929991476,0.0016000000000000458,0.010941636509362862,20.342699999999695
4.9147,-4.000000,0.001327706633006187,0.0014000000000000679,0.010455881281422275,19.29549999999972
5.1147,-4.000000,0.0011358373130008204,0.001100000000000101,0.007444198868190477,13.730499999999665
5.3147,-4.000000,0.0009603254530077265,0.0008999999999999009,0.0065212639351032164,11.960000000000036
5.5147,-4.000000,0.0007919262129973959,0.0007999999999999119,0.0059262137808757664,10.843699999999899
5.7147,-4.000000,0.0006755707329944016,0.0006999999999999229,0.005124717654773958,9.340999999999894
5.9147,-4.000000,0.000580034422995368,0.0005999999999999339,0.0044568042163554145,8.116299999999683
6.1147,-4.000000,0.0005015078630066228,0.0004999999999999449,0.0038981857042236223,7.083299999999781
6.3147,-4.000000,0.00043678627299925665,0.00039999999999995595,0.0034245743569815135,6.2026999999998225
2.8147,-3.000000,0.00016580911299968193,0.0017000000000000348,0.05635975032181284,110.92699999999968
2.9147,-3.000000,0.0024310928230022455,0.0031000000000001027,0.05439244164865342,106.25639999999976
3.0147,-3.000000,0.003816909833005866,0.0040000000000000036,0.05186651446336199,100.65020000000004
3.1147,-3.000000,0.004593416312999921,0.0043999999999999595,0.04840550846428482,93.53999999999996
3.2147,-3.000000,0.00495427882300703,0.0047999999999999154,0.045223811721273766,86.92900000000009
3.3147,-3.000000,0.0050352026029969466,0.0047999999999999154,0.04201782721686542,80.39589999999998
3.4147,-3.000000,0.004932078072997115,0.0046999999999999265,0.04007480630510285,76.12149999999974
3.5147,-3.000000,0.00471283499300057,0.0045999999999999375,0.03669880747091547,69.51989999999978
3.6147,-3.000000,0.004426107282995417,0.0042999999999999705,0.03418502416632263,64.54320000000007
3.7147,-3.000000,0.004107012643004282,0.0041999999999999815,0.03163480921963424,59.555199999999786
3.8147,-3.000000,0.0037797477829997206,0.0039000000000000146,0.028501687999417102,53.61949999999979
3.9147,-3.000000,0.0034592206330046338,0.0035000000000000586,0.025490005586185305,47.92639999999983
4.0147,-3.000000,0.0031546538830014015,0.0031000000000001027,0.022381172127365012,42.10619999999972
4.1147,-3.000000,0.0028709088630023416,0.0028999999999999027,0.019818813299978144,37.27549999999974
4.2147,-3.000000,0.002610197353007493,0.0025999999999999357,0.018422267019648775,34.503099999999904
4.3147,-3.000000,0.0023715961330026403,0.0022999999999999687,0.016564253272775886,30.971599999999853
4.5147,-3.000000,0.0019599811929964517,0.0019000000000000128,0.013030383989507732,24.348500000000058
4.7147,-3.000000,0.0016251132529987444,0.0016000000000000458,0.011257377407524527,20.893999999999778
4.9147,-3.000000,0.00135481671300397,0.0012000000000000899,0.00845214096616731,15.726799999999912
5.1147,-3.000000,0.001137312862994122,0.001100000000000101,0.007820659169844424,14.396099999999933
5.3147,-3.000000,0.0009399656130000267,0.0008999999999999009,0.0068612925946616166,12.604199999999764
5.5147,-3.000000,0.0007974225329974161,0.0007999999999999119,0.005853350496684673,10.711899999999787
5.7147,-3.000000,0.0006807911330071192,0.0006999999999999229,0.0050518543705828645,9.224899999999707
5.9147,-3.000000,0.0005849733630043374,0.0005999999999999339,0.004408228693561389,8.016299999999774
6.1147,-3.000000,0.0005061555730065948,0.0004999999999999449,0.003849610181429708,6.999299999999948
6.3147,-3.000000,0.0004411401429962325,0.00039999999999995595,0.0033881427148860777,6.132599999999911
2.8147,-2.000000,5.1232173007065285e-05,0.0017000000000000348,0.057234109732106075,112.5929000000001
2.9147,-2.000000,0.0023428362230077937,0.0029999999999998916,0.05455031209773398,106.43319999999994
3.0147,-2.000000,0.003747307032995195,0.0039000000000000146,0.051927233866854494,100.6895999999997
3.1147,-2.000000,0.004538707112999418,0.0043999999999999595,0.0486240983168581,93.85269999999991
3.2147,-2.000000,0.004911269342997571,0.0045999999999999375,0.04524809948267072,86.90200000000004
3.3147,-2.000000,0.004991299772996172,0.0047999999999999154,0.04205425885896108,80.42669999999998
3.4147,-2.000000,0.004893943973002024,0.0047999999999999154,0.03907900808782461,74.68159999999989
3.5147,-2.000000,0.004692356383003471,0.0044999999999999485,0.03671095135161395,69.51309999999967
3.6147,-2.000000,0.004410467612999014,0.0043999999999999595,0.03405144147863903,64.28060000000005
3.7147,-2.000000,0.004095364373000621,0.0040999999999999925,0.030784737570738185,58.06659999999965
3.8147,-2.000000,0.0037707280529986065,0.0037000000000000366,0.02751803366283745,51.90129999999999
3.9147,-2.000000,0.003452555413005598,0.0035000000000000586,0.025611444393170424,48.104499999999916
4.0147,-2.000000,0.003149770882998837,0.0031000000000001027,0.022028999587108133,41.48139999999967
4.1147,-2.000000,0.002867983563007215,0.0028999999999999027,0.020766035994462584,38.9063000000001
4.2147,-2.000000,0.00260816002300146,0.0026999999999999247,0.01893231000898654,35.380699999999706
4.3147,-2.000000,0.002370907132998923,0.0023999999999999577,0.016042066402739863,30.05709999999999
4.5147,-2.000000,0.0019601914629987505,0.0019000000000000128,0.013564714740242567,25.265899999999874
4.7147,-2.000000,0.0016255972529961582,0.0016000000000000458,0.01120880188473028,20.791299999999865
4.9147,-2.000000,0.0013556041130016183,0.0013000000000000789,0.008646443057343522,16.047199999999975
5.1147,-2.000000,0.001120509912993839,0.001100000000000101,0.008063536783814662,14.86200000000008
5.3147,-2.000000,0.0009448231130022577,0.0008999999999999009,0.006776285429771933,12.453599999999824
5.5147,-2.000000,0.0008021409330041251,0.0007999999999999119,0.00578048721249369,10.577899999999772
5.7147,-2.000000,0.000685357612994153,0.0006999999999999229,0.004991134967090138,9.107899999999972
5.9147,-2.000000,0.0005893600030049129,0.0005999999999999339,0.004347509290068774,7.916099999999915
6.1147,-2.000000,0.0005103335330005621,0.0004999999999999449,0.0038010346586355714,6.914299999999912
6.3147,-2.000000,0.00044509106299983614,0.00039999999999995595,0.003339567192091941,6.062399999999798
2.8147,-1.000000,-5.640011700336345e-05,0.0016000000000000458,0.056080441065746944,110.08489999999983
2.9147,-1.000000,0.0022542963129978943,0.0029999999999998916,0.05451388045563843,106.19470000000001
3.0147,-1.000000,0.0036755436630073746,0.0039000000000000146,0.05280159327714762,102.08109999999988
3.1147,-1.000000,0.004480720043005704,0.0044999999999999485,0.0499356374322979,96.08979999999974
3.2147,-1.000000,0.004863136083002928,0.0046999999999999265,0.04704539382605111,89.97469999999976
3.3147,-1.000000,0.004961692812997853,0.0047999999999999154,0.041993539455468465,80.2197000000001
3.4147,-1.000000,0.004871592533007174,0.0046999999999999265,0.03903043256503058,74.51440000000002
3.5147,-1.000000,0.004668517412994788,0.0044999999999999485,0.036103757316688245,68.42859999999973
3.6147,-1.000000,0.004391471212997544,0.0042999999999999705,0.03278847788599337,62.053899999999885
3.7147,-1.000000,0.004080078373007723,0.0040000000000000036,0.0298132271148569,56.353000000000065
3.8147,-1.000000,0.003758996973004969,0.0037000000000000366,0.027675904111918004,52.13139999999976
3.9147,-1.000000,0.003443520662997912,0.0034000000000000696,0.025125689165229725,47.24319999999989
4.0147,-1.000000,0.0031431415829956677,0.0031000000000001027,0.02255118645714438,42.34220000000005
4.1147,-1.000000,0.0028628611929946146,0.0028999999999999027,0.02055959002258756,38.5018
4.2147,-1.000000,0.00260459498299781,0.0025999999999999357,0.018531561945935415,34.6561999999999
4.3147,-1.000000,0.0023683668230063404,0.0022999999999999687,0.016260656255313033,30.400699999999688
4.5147,-1.000000,0.001959031032995995,0.0019000000000000128,0.013661865785830618,25.425199999999677
4.7147,-1.000000,0.001613221292998901,0.0016000000000000458,0.011536686663590312,21.427200000000084
4.9147,-1.000000,0.0013422905330031654,0.0013000000000000789,0.009569377990430783,17.70199999999977
5.1147,-1.000000,0.0011244078229992738,0.001100000000000101,0.007966385738226611,14.688699999999699
5.3147,-1.000000,0.0009487590429984039,0.0008999999999999009,0.00669127826488225,12.30009999999993
5.5147,-1.000000,0.0008060866930037491,0.0007999999999999119,0.0057076239283025965,10.442499999999654
5.7147,-1.000000,0.0006892743329984796,0.0006999999999999229,0.004930415563597523,8.990299999999934
5.9147,-1.000000,0.0005931975129982447,0.0005999999999999339,0.00428678988657627,7.815499999999702
6.1147,-1.000000,0.0005140442629993913,0.0004999999999999449,0.0037646030165400246,6.8297999999999774
6.3147,-1.000000,0.00044864119300314087,0.00039999999999995595,0.0033031355499963944,5.992400000000089
2.8147,0.000000,-0.00016074234700624856,0.0015000000000000568,0.05593471449736476,110.10099999999966
2.9147,0.000000,0.0021666192930069883,0.0029999999999998916,0.05408884463119046,105.45829999999978
3.0147,0.000000,0.003600254043007567,0.0038000000000000256,0.0511743132635466,98.87069999999994
3.1147,0.000000,0.004420035733005534,0.0043999999999999595,0.048672673839652236,93.58639999999968
3.2147,0.000000,0.004814638663006576,0.0046999999999999265,0.04620746605785353,88.26999999999998
3.3147,0.000000,0.004923341283003424,0.0046999999999999265,0.041872100648483235,79.9058
3.4147,0.000000,0.004841767593006807,0.0046999999999999265,0.03808320987054625,72.58189999999968
3.5147,0.000000,0.00464008647300318,0.0044999999999999485,0.03519296626429946,66.81619999999975
3.6147,0.000000,0.004367264422995731,0.0042999999999999705,0.03185339907220763,60.39899999999989
3.7147,0.000000,0.00405964125300784,0.0040000000000000036,0.030554003837466426,57.666899999999714
3.8147,0.000000,0.0037410245229949624,0.0037000000000000366,0.027894493964491396,52.539800000000014
3.9147,0.000000,0.003427777053005343,0.0034000000000000696,0.02531999125640605,47.61169999999993
4.0147,0.000000,0.0031294024330037473,0.0031000000000001027,0.02289121511670278,42.98019999999997
4.1147,0.000000,0.0028507619630033787,0.0028999999999999027,0.020668884948874422,38.728399999999965
4.2147,0.000000,0.002593707303006454,0.0025999999999999357,0.018653000752920756,34.89899999999989
4.3147,0.000000,0.0023583622629956835,0.0023999999999999577,0.01685570640954015,31.490699999999833
4.5147,0.000000,0.0019495049029956135,0.0020000000000000018,0.01385616787700683,25.78729999999996
4.7147,0.000000,0.001615167452996502,0.0016000000000000458,0.01143953561800215,21.240899999999783
4.9147,0.000000,0.0013447692229959785,0.0013000000000000789,0.0094843708255411,17.554000000000087
5.1147,0.000000,0.0011272045630050798,0.001100000000000101,0.007905666334734107,14.572599999999966
5.3147,0.000000,0.0009517747730001247,0.0008999999999999009,0.006654846622786814,12.212999999999738
5.5147,0.000000,0.000809260492999897,0.0007999999999999119,0.005683336166905639,10.385099999999966
5.7147,0.000000,0.0006925409630014201,0.0006999999999999229,0.004918271682899045,8.963199999999688
5.9147,0.000000,0.0005964848629957942,0.0005999999999999339,0.0042989337672748595,7.820299999999861
6.1147,0.000000,0.0005172864629940932,0.0004999999999999449,0.003788890777937093,6.865899999999783
6.3147,0.000000,0.0004517893830069397,0.00039999999999995595,0.00335171107279042,6.058999999999742
2.8147,1.000000,-0.0002616447669936406,0.0014000000000000679,0.05530323270104198,109.03890000000001
2.9147,1.000000,0.0020795869230028075,0.0028999999999999027,0.053372355669978,104.16229999999996
3.0147,1.000000,0.0035289408830010416,0.0037000000000000366,0.05050639982512828,97.94069999999965
3.1147,1.000000,0.0043584169130070904,0.0042999999999999705,0.047664731741675403,91.85579999999982
3.2147,1.000000,0.004762416413001347,0.0045999999999999375,0.04461661768634784,85.5275999999999
3.3147,1.000000,0.004876427363001312,0.0046999999999999265,0.04171423019940257,79.48709999999983
3.4147,1.000000,0.004804042502996708,0.0045999999999999375,0.03739100867073086,71.18010000000004
3.5147,1.000000,0.0046099019029952615,0.0044999999999999485,0.0345493405872781,65.54939999999988
3.6147,1.000000,0.004343322223007817,0.0042999999999999705,0.031343356082869867,59.390899999999874
3.7147,1.000000,0.004040348483002276,0.0040000000000000036,0.0282952420275423,53.5920000000001
3.8147,1.000000,0.003726437983004871,0.0037000000000000366,0.027433026497947877,51.654299999999694
3.9147,1.000000,0.003416639823001333,0.0034000000000000696,0.024919243193354812,46.85140000000001
4.0147,1.000000,0.003121037013002592,0.0031000000000001027,0.02255118645714438,42.32809999999972
4.1147,1.000000,0.002844609692999711,0.0027999999999999137,0.020365287931411347,38.16449999999986
4.2147,1.000000,0.0025893215129997316,0.0025999999999999357,0.018397979258251818,34.404399999999896
4.3147,1.000000,0.002355390882996744,0.0023999999999999577,0.0166249726762685,31.050199999999677
4.5147,1.000000,0.001948578802995371,0.0019000000000000128,0.013661865785830618,25.424999999999727
4.7147,1.000000,0.0016155423130044255,0.0016000000000000458,0.011281665168921373,20.933899999999994
4.9147,1.000000,0.0013459619629969666,0.0013000000000000789,0.009338644257158912,17.287599999999657
5.1147,1.000000,0.0011289378829957286,0.001100000000000101,0.007772083647050287,14.333399999999983
5.3147,1.000000,0.0009539044129951435,0.0008999999999999009,0.006533407815801695,11.989999999999782
5.5147,1.000000,0.000811692352996829,0.0007999999999999119,0.005561897359920298,10.171699999999873
5.7147,1.000000,0.0006951836229944774,0.0006999999999999229,0.004796832875913815,8.755999999999858
5.9147,1.000000,0.0005992446530029838,0.0005999999999999339,0.004189638840987997,7.616299999999683
6.1147,1.000000,0.000520079552998709,0.0004999999999999449,0.0036674519709519737,6.662499999999909
6.3147,1.000000,0.0004545520829992711,0.00039999999999995595,0.0032302722658053007,5.854100000000017
2.8147,2.000000,-0.0003572134470033461,0.0014000000000000679,0.05442887329074875,107.4991
2.9147,2.000000,0.001993893263005475,0.0027999999999999137,0.05259514730527304,102.71299999999974
3.0147,2.000000,0.003453691933003711,0.0037000000000000366,0.04977776698321723,96.5585000000001
3.1147,2.000000,0.004293210032997763,0.0042999999999999705,0.04700896218395556,90.58889999999974
3.2147,2.000000,0.004706393733002301,0.0045999999999999375,0.044191581861899754,84.66120000000001
3.3147,2.000000,0.0048211681729952716,0.0045999999999999375,0.04149564034682929,78.9665
3.4147,2.000000,0.004764414552994367,0.0045999999999999375,0.038313943603818124,72.71489999999994
3.5147,2.000000,0.004573540863006542,0.0043999999999999595,0.03383285162606564,64.09960000000001
3.6147,2.000000,0.004313827483002797,0.0041999999999999815,0.030760449809341228,58.2181999999998
3.7147,2.000000,0.0040166475429970205,0.0040000000000000036,0.027821630680300302,52.64280000000008
3.8147,2.000000,0.003707532633001165,0.0037000000000000366,0.02704442231559523,50.87030000000004
3.9147,2.000000,0.0034016584630052193,0.0034000000000000696,0.024579214533796523,46.16730000000007
4.0147,2.000000,0.0031092535230072826,0.0031000000000001027,0.022259733320380004,41.739900000000034
4.1147,2.000000,0.002835416543007341,0.0027999999999999137,0.02011026643674252,37.65859999999975
4.2147,2.000000,0.0025822260830068444,0.0025999999999999357,0.018167245524979947,33.96549999999979
4.3147,2.000000,0.0023499993330062807,0.0022999999999999687,0.01643067058509229,30.664800000000014
4.5147,2.000000,0.001945706723006424,0.0019000000000000128,0.013503995336749841,25.116700000000037
4.7147,2.000000,0.001614337042994407,0.0016000000000000458,0.011148082481237775,20.68170000000009
4.9147,2.000000,0.00134585925300712,0.0013000000000000789,0.00922934933087216,17.077800000000025
5.1147,2.000000,0.0011295991230042546,0.001100000000000101,0.0076749326014622365,14.155499999999847
5.3147,2.000000,0.0009551397729978817,0.0008999999999999009,0.006448400650912012,11.83680000000004
5.5147,2.000000,0.000813373593004485,0.0007999999999999119,0.0054890340757293155,10.03859999999986
5.7147,2.000000,0.0006971929630026352,0.0006999999999999229,0.0047361134724211995,8.641099999999824
5.9147,2.000000,0.0006014673130039228,0.0005999999999999339,0.004128919437495493,7.518199999999979
6.1147,2.000000,0.0005224145429991722,0.0004999999999999449,0.003631020328856316,6.580399999999827
6.3147,2.000000,0.00045692155299548176,0.00039999999999995595,0.003193840623709865,5.786399999999958
2.8147,3.000000,-0.0004468920970026602,0.0013000000000000789,0.053311636266485274,105.46849999999995
2.9147,3.000000,0.001909836392997022,0.0026999999999999247,0.05164792461078871,100.93679999999995
3.0147,3.000000,0.003377489892997687,0.0037000000000000366,0.04883054428873301,94.76219999999967
3.1147,3.000000,0.0042256966430045395,0.0041999999999999815,0.04630461710344158,89.21029999999973
3.2147,3.000000,0.004647107543007678,0.0043999999999999595,0.04341437349719479,83.11769999999979
3.3147,3.000000,0.004779636142998811,0.0045999999999999375,0.04132562601705003,78.57049999999981
3.4147,3.000000,0.00472021357299468,0.0045999999999999375,0.038301799723119534,72.55699999999979
3.5147,3.000000,0.004538047202998996,0.0043999999999999595,0.03480436208194693,65.82519999999977
3.6147,3.000000,0.004279611962999752,0.0041999999999999815,0.032059845044082325,60.34519999999975
3.7147,3.000000,0.00398872528299421,0.0039000000000000146,0.029291040244820654,55.07269999999971
3.8147,3.000000,0.0036843819029996894,0.0036000000000000476,0.026716537536735308,50.17000000000007
3.9147,3.000000,0.0033828943629998776,0.0034000000000000696,0.02427561751633356,45.527900000000045
4.0147,3.000000,0.003094105513000045,0.0031000000000001027,0.021980424064314108,41.17509999999993
4.1147,3.000000,0.0028232307730036155,0.0027999999999999137,0.01986738882277228,37.16509999999971
4.2147,3.000000,0.0025724649729994553,0.0025999999999999357,0.017960799553105145,33.53309999999965
4.3147,3.000000,0.0023422280730045486,0.0022999999999999687,0.016248512374614554,30.28229999999985
4.5147,3.000000,0.0019409244929988745,0.0019000000000000128,0.013346124887669175,24.809400000000096
4.7147,3.000000,0.001611584542999367,0.0016000000000000458,0.011014499793553956,20.429599999999937
4.9147,3.000000,0.0013444917129987743,0.0013000000000000789,0.00913219828528411,16.86949999999979
5.1147,3.000000,0.0011292161230045394,0.001100000000000101,0.007589925436572553,13.980499999999665
5.3147,3.000000,0.0009555051030076811,0.0008999999999999009,0.0063633934860224395,11.685999999999694
5.5147,3.000000,0.0008143247130050213,0.0007999999999999119,0.005416170791538333,9.907400000000052
5.7147,3.000000,0.0006985859530033167,0.0006999999999999229,0.0046753940689288065,8.528099999999995
5.9147,3.000000,0.0006031668930006617,0.0005999999999999339,0.0040803439147014675,7.421899999999823
6.1147,3.000000,0.000524303123000891,0.0004999999999999449,0.0035824448060622904,6.49980000000005
6.3147,3.000000,0.00045890760300437705,0.00039999999999995595,0.003157408981614096,5.719299999999748
2.8147,4.000000,-0.0005292713869948784,0.0012000000000000899,0.05257085954387586,103.86149999999998
2.9147,4.000000,0.0018277295230006985,0.0025999999999999357,0.05056711922862067,98.88580000000002
3.0147,4.000000,0.003300596632996644,0.0036000000000000476,0.04783474607145466,92.85639999999967
3.1147,4.000000,0.0041561252830035755,0.0040999999999999925,0.04563670366502326,87.86229999999978
3.2147,4.000000,0.0045849986530015485,0.0043999999999999595,0.043050057076239434,82.29579999999987
3.3147,4.000000,0.00472480370299877,0.0044999999999999485,0.04110703616447686,78.01829999999973
3.4147,4.000000,0.004672518713007889,0.0044999999999999485,0.03821679255822996,72.28409999999985
3.5147,4.000000,0.004496989792997397,0.0043999999999999595,0.0350350958152188,66.11239999999998
3.6147,4.000000,0.004247718173004955,0.0040999999999999925,0.03151337041264912,59.44579999999996
3.7147,4.000000,0.003955761693006821,0.0039000000000000146,0.029060306511548895,54.510099999999966
3.8147,4.000000,0.003657108452998159,0.0036000000000000476,0.026425084399971044,49.55060000000003
3.9147,4.000000,0.0033604389730044204,0.0033000000000000806,0.023996308260267663,44.9377999999997
4.0147,4.000000,0.0030756656230011004,0.0029999999999998916,0.02172540256964528,40.63940000000002
4.1147,4.000000,0.0028081129230059787,0.0027999999999999137,0.01964879897019889,36.68889999999965
4.2147,4.000000,0.0025600899629978358,0.0024999999999999467,0.017754353581230564,33.111399999999776
4.3147,4.000000,0.0023321222529943952,0.0022999999999999687,0.01605421028343834,29.9070999999999
4.5147,4.000000,0.0019342677330058677,0.0019000000000000128,0.013200398319287099,24.50630000000001
4.7147,4.000000,0.0016073144829960029,0.0016000000000000458,0.010893060986568948,20.18080000000009
4.9147,4.000000,0.00134188508300781,0.0013000000000000789,0.00902290335899758,16.663900000000012
5.1147,4.000000,0.001127811393004663,0.001100000000000101,0.00750491827168287,13.808199999999943
5.3147,4.000000,0.0009550196029977087,0.0008999999999999009,0.006290530201831346,11.53819999999996
5.5147,4.000000,0.0008145613030023924,0.0007999999999999119,0.005355451388045607,9.779399999999896
5.7147,4.000000,0.0006993749030073104,0.0006999999999999229,0.004614674665436191,8.417300000000068
5.9147,4.000000,0.0006043531030002214,0.0005999999999999339,0.004031768391907442,7.32739999999967
6.1147,4.000000,0.0005257531230000723,0.0004999999999999449,0.0035460131639667436,6.420599999999922
6.3147,4.000000,0.0004605167030007351,0.00039999999999995595,0.003120977339518771,5.653899999999794
2.8147,5.000000,-0.0006053622369961431,0.001100000000000101,0.051575061326597615,101.74440000000004
2.9147,5.000000,0.001747780572998181,0.0025999999999999357,0.04932844339737208,96.52309999999989
3.0147,5.000000,0.0032233358329989414,0.0035000000000000586,0.046851091734874895,90.92419999999993
3.1147,5.000000,0.00408454903299571,0.0040999999999999925,0.0449202147038108,86.40899999999965
3.2147,5.000000,0.004519895282996345,0.0042999999999999705,0.042673596774585265,81.42429999999968
3.3147,5.000000,0.004667245123002317,0.0043999999999999595,0.0403176839190732,76.52919999999995
3.4147,5.000000,0.0046216005529942095,0.0043999999999999595,0.03786462001797308,71.51579999999967
3.5147,5.000000,0.004452549313000986,0.0044999999999999485,0.035168678502902395,66.22679999999991
3.6147,5.000000,0.004209579792998852,0.0040999999999999925,0.031234061156583226,58.86359999999968
3.7147,5.000000,0.003927700502998732,0.0038000000000000256,0.028343817550336325,53.354599999999664
3.8147,5.000000,0.0036320203229962544,0.0035000000000000586,0.02608505574041242,48.97689999999966
3.9147,5.000000,0.003334410942997579,0.0033000000000000806,0.023753430646297424,44.38389999999981
4.0147,5.000000,0.003054029083003229,0.0029999999999998916,0.02149466883637341,40.127700000000004
4.1147,5.000000,0.0027901409730048954,0.0026999999999999247,0.01943020911762572,36.228000000000065
4.2147,5.000000,0.002545166543001187,0.0024999999999999467,0.01756005149005424,32.69990000000007
4.3147,5.000000,0.0023197379029937792,0.0022999999999999687,0.015884195953659086,29.53899999999976
4.5147,5.000000,0.0019257793729963169,0.0019000000000000128,0.0130546717509048,24.20719999999983
4.7147,5.000000,0.0016015616629942997,0.0016000000000000458,0.010771622179583829,19.935500000000047
4.9147,5.000000,0.0013380689029958148,0.0013000000000000789,0.008925752313409308,16.461899999999787
5.1147,5.000000,0.0011254103630022882,0.001100000000000101,0.007419911106793187,13.639200000000073
5.3147,5.000000,0.000953704633005259,0.0008999999999999009,0.006217666917640141,11.393799999999828
5.5147,5.000000,0.00081410072300514,0.0007999999999999119,0.005282588103854513,9.653999999999996
5.7147,5.000000,0.0006995735929962166,0.0006999999999999229,0.004566099142642166,8.308500000000095
5.9147,5.000000,0.0006050368329937328,0.0005999999999999339,0.003983192869113195,7.2345000000000255
6.1147,5.000000,0.0005267733029938881,0.0004999999999999449,0.003497437641172718,6.342499999999745
6.3147,5.000000,0.00046175615300114714,0.00039999999999995595,0.003096689578121814,5.589199999999892
2.8147,6.000000,-0.0006755248970051753,0.0008999999999999009,0.050081364000680195,98.84739999999965
2.9147,6.000000,0.0016711894629963808,0.0023999999999999577,0.04906127802200477,95.60759999999982
3.0147,6.000000,0.003145810953000705,0.0034000000000000696,0.04583100575619958,88.9043999999999
3.1147,6.000000,0.004011084623002148,0.0040000000000000036,0.04416729410050291,84.85669999999982
3.2147,6.000000,0.0044529445629990505,0.0042999999999999705,0.04213926602385065,80.34699999999975
3.3147,6.000000,0.004606311543000174,0.0043999999999999595,0.03981978481043413,75.47949999999992
3.4147,6.000000,0.004567478962997029,0.0042999999999999705,0.03746387195492196,70.66390000000001
3.5147,6.000000,0.0044050036329963405,0.0041999999999999815,0.03498652029242466,65.75990000000002
3.6147,6.000000,0.004168458573005296,0.0040999999999999925,0.03130692444077443,58.86449999999968
3.7147,6.000000,0.0038922516129957785,0.0037000000000000366,0.027918781725888353,52.521600000000035
3.8147,6.000000,0.0036015521729950706,0.0035000000000000586,0.025344279017803006,47.60750000000007
3.9147,6.000000,0.0033125704029970393,0.0032000000000000917,0.023291963179753905,43.64379999999983
4.0147,6.000000,0.00302930722300232,0.0029999999999998916,0.02126393510310154,39.6270999999997
4.1147,6.000000,0.002769406482997283,0.0026999999999999247,0.019223763145750916,35.77500000000009
4.2147,6.000000,0.0025277714129998685,0.0024999999999999467,0.017377893279576395,32.29410000000007
4.3147,6.000000,0.002305140353001889,0.0022999999999999687,0.01571418162387972,29.17549999999983
4.5147,6.000000,0.0019155089430000771,0.0019000000000000128,0.012908945182522724,23.91229999999996
4.7147,6.000000,0.001594365653005525,0.0015000000000000568,0.010662327253297077,19.693499999999858
4.9147,6.000000,0.0013330761930063773,0.0013000000000000789,0.008828601267821257,16.263500000000022
5.1147,6.000000,0.0011220410730032881,0.001100000000000101,0.007334903941903614,13.473999999999705
5.3147,6.000000,0.0009515836629958585,0.0008999999999999009,0.0061448036334492695,11.252899999999954
5.5147,6.000000,0.0008129619930059562,0.0007999999999999119,0.005221868700362009,9.531799999999748
5.7147,6.000000,0.0006991971330023716,0.0006999999999999229,0.00450537973914944,8.202999999999975
5.9147,6.000000,0.000605230112995514,0.0005999999999999339,0.003934617346319391,7.143700000000081
6.1147,6.000000,0.0005273734130071261,0.0004999999999999449,0.0034610059990771713,6.266099999999824
6.3147,6.000000,0.00046263399299562025,0.00039999999999995595,0.003060257936026045,5.526100000000042
2.8147,8.000000,-0.0007987560170050756,0.0006999999999999229,0.046486775313919426,91.9106999999999
2.9147,8.000000,0.00152316052300705,0.0021999999999999797,0.04618317829645646,90.03890000000001
3.0147,8.000000,0.002992156003003288,0.0032000000000000917,0.044738056493332956,86.36999999999989
3.1147,8.000000,0.003860341812995216,0.0038000000000000256,0.04261287737109276,81.65819999999985
3.2147,8.000000,0.004311233172998641,0.0040999999999999925,0.03995336749811773,76.1232
3.3147,8.000000,0.0044757225430061,0.0041999999999999815,0.03870254778617066,73.1551999999997
3.4147,8.000000,0.004450075053000546,0.0041999999999999815,0.03658951254462872,68.79659999999967
3.5147,8.000000,0.004301884433004943,0.0040999999999999925,0.03244844922643486,61.08149999999978
3.6147,8.000000,0.0040774392030016315,0.0040999999999999925,0.03119762951448768,58.43199999999979
3.7147,8.000000,0.0038134725029976835,0.0036000000000000476,0.027408738736550697,51.41979999999967
3.8147,8.000000,0.0035337213229951203,0.0034000000000000696,0.025380710659898553,47.49609999999984
3.9147,8.000000,0.0032537658530031877,0.0032000000000000917,0.02182255361523333,40.93399999999974
4.0147,8.000000,0.002984778493001272,0.0028999999999999027,0.021093920773322394,39.322999999999865
4.1147,8.000000,0.0027304119630002788,0.0025999999999999357,0.01871372015641315,34.87019999999984
4.2147,8.000000,0.0024859137730004477,0.0023999999999999577,0.017001432977922448,31.471599999999853
4.3147,8.000000,0.0022696030929978406,0.0021999999999999797,0.015386296845019798,28.442599999999857
4.5147,8.000000,0.001889847472995143,0.0018000000000000238,0.012641779807155307,23.323300000000017
4.7147,8.000000,0.0015758232830052066,0.0015000000000000568,0.010431593520025428,19.215400000000045
4.9147,8.000000,0.0013197089329963774,0.0013000000000000789,0.008634299176644822,15.873799999999846
5.1147,8.000000,0.0011125216129954651,0.001100000000000101,0.0071770334928230595,13.152399999999943
5.3147,8.000000,0.0009450265829968885,0.0008999999999999009,0.00601122094576545,10.980299999999716
5.5147,8.000000,0.0008087336729971639,0.0007999999999999119,0.0051125737740751465,9.295999999999822
5.7147,8.000000,0.0006967855530035649,0.0006999999999999229,0.004408228693561389,7.999399999999696
5.9147,8.000000,0.0006041987130060988,0.0005999999999999339,0.003849610181429708,6.969900000000052
6.1147,8.000000,0.0005273567330021933,0.0004999999999999449,0.0033881427148860777,6.119799999999941
6.3147,8.000000,0.00046334076300524885,0.00039999999999995595,0.002999538532533541,5.405199999999695
2.8147,10.000000,-0.0009034697669960678,0.00039999999999995595,0.04250358244480623,84.24620000000004
2.9147,10.000000,0.0013832954529959807,0.0019000000000000128,0.04278289170087202,83.41280000000006
3.0147,10.000000,0.002837044613002604,0.0028999999999999027,0.04178709348359366,80.60629999999992
3.1147,10.000000,0.003703318413002421,0.0036000000000000476,0.04030554003837472,77.1284999999998
3.2147,10.000000,0.004160306003001324,0.0038000000000000256,0.03786462001797308,72.03539999999975
3.3147,10.000000,0.00433630260300788,0.0040000000000000036,0.035581570446652,67.34829999999965
3.4147,10.000000,0.004323253053001963,0.0040000000000000036,0.03337138415952201,62.898299999999836
3.5147,10.000000,0.004187254152995479,0.0039000000000000146,0.031136910110995175,58.48819999999978
3.6147,10.000000,0.0039755597930053455,0.0038000000000000256,0.030760449809341228,57.38239999999996
3.7147,10.000000,0.0037246008530047447,0.0036000000000000476,0.026874407985816195,50.26309999999967
3.8147,10.000000,0.003456400573000451,0.0034000000000000696,0.024676365579384685,46.059400000000096
3.9147,10.000000,0.0031872408130055874,0.0031000000000001027,0.022211157797585757,41.443399999999656
4.0147,10.000000,0.0029270245729975386,0.0027999999999999137,0.020486726738396688,38.09999999999991
4.1147,10.000000,0.0026806332929965038,0.0025999999999999357,0.01871372015641315,34.733400000000074
4.2147,10.000000,0.0024507160830040675,0.0023999999999999577,0.016940713574429944,31.39599999999973
4.3147,10.000000,0.0022378804829941146,0.0020999999999999908,0.014524081315425152,26.969700000000103
4.5147,10.000000,0.0018577788329992018,0.0018000000000000238,0.01236247055108941,22.716199999999844
4.7147,10.000000,0.0015520807729956232,0.0015000000000000568,0.010213003667452147,18.73219999999992
4.9147,10.000000,0.001302105402999132,0.0012000000000000899,0.00845214096616731,15.486499999999978
5.1147,10.000000,0.001099520902997142,0.0009999999999998899,0.007031306924440761,12.837500000000091
5.3147,10.000000,0.0009308470229996146,0.0008999999999999009,0.00578048721249369,10.678300000000036
5.5147,10.000000,0.0007920731929971225,0.0006999999999999229,0.0046753940689288065,8.608099999999922
5.7147,10.000000,0.0006788681729972268,0.0005999999999999339,0.003934617346319391,7.230000000000018
5.9147,10.000000,0.0005855506729943727,0.0004999999999999449,0.004408228693561389,7.935999999999694
6.1147,10.000000,0.0005095890829949212,0.0004999999999999449,0.002598790469482415,4.789600000000064
6.3147,10.000000,0.00044617290299697743,0.00039999999999995595,0.0027323731571662346,4.951399999999921
2.8147,12.500000,0.0013811606030031953,0.0018000000000000238,0.048927695334321064,96.41579999999976
2.9147,12.500000,0.003247708363005586,0.0032000000000000917,0.04942559444296024,96.45649999999978
3.0147,12.500000,0.0043478409530024464,0.0040000000000000036,0.04802904816263087,93.17819999999983
3.1147,12.500000,0.004921550812994724,0.0044999999999999485,0.04573385471061142,88.36239999999998
3.2147,12.500000,0.005138941742998782,0.0045999999999999375,0.04252787020620308,81.86889999999994
3.3147,12.500000,0.005119605212996703,0.0046999999999999265,0.040147669589294055,76.91779999999972
3.4147,12.500000,0.004947108753000862,0.0044999999999999485,0.0364680737376436,69.76890000000003
3.5147,12.500000,0.004681605892997709,0.0043999999999999595,0.03403929759794044,64.87909999999965
3.6147,12.500000,0.004365290283004697,0.0040999999999999925,0.03131906832147291,59.53969999999981
3.7147,12.500000,0.004028153692999581,0.0039000000000000146,0.02890243606246823,54.78739999999971
3.8147,12.500000,0.0036904796930059547,0.0036000000000000476,0.0262429261894932,49.64489999999978
3.9147,12.500000,0.003365228272997456,0.0033000000000000806,0.023741286765598946,44.8458999999998
4.0147,12.500000,0.0030597698529959416,0.0029999999999998916,0.021531100478468956,40.60159999999996
4.1147,12.500000,0.002576242383000249,0.0023999999999999577,0.017025720739319516,31.33889999999974
4.2147,12.500000,0.0025196992729945578,0.0023999999999999577,0.017122871784907567,32.1896999999999
4.3147,12.500000,0.0022855417730056615,0.0021999999999999797,0.015422728487115345,28.954899999999725
4.5147,12.500000,0.0018829983829959929,0.0018000000000000238,0.0127024992106477,23.760199999999713
4.7147,12.500000,0.0015572270129950994,0.0015000000000000568,0.010298010832341609,19.204299999999876
4.9147,12.500000,0.0012952424529970585,0.0012000000000000899,0.008379277681976105,15.590499999999793
5.1147,12.500000,0.0010850647930027435,0.0009999999999998899,0.0068612925946616166,12.715699999999742
5.3147,12.500000,0.0009160777830032885,0.0007999999999999119,0.005646904524809981,10.437799999999697
5.5147,12.500000,0.0007793916630021158,0.0006999999999999229,0.0046753940689288065,8.621399999999994
5.7147,12.500000,0.0006680270629999541,0.0005999999999999339,0.00394676122701787,7.237699999999677
5.9147,12.500000,0.0005767213829983575,0.0004999999999999449,0.003278847788599437,6.013599999999769
6.1147,12.500000,0.0005014459029979434,0.00039999999999995595,0.0027445170378647132,5.005899999999656
6.3147,12.500000,0.00043895445300279334,0.00039999999999995595,0.0024287761397031593,4.429499999999734
2.8147,15.000000,0.001693651482995051,0.0018000000000000238,0.046838947854176305,92.23259999999982
2.9147,15.000000,0.0034401577329958855,0.0031000000000001027,0.04687537949627185,91.53749999999991
3.0147,15.000000,0.004454885743001569,0.0039000000000000146,0.045685279187817396,88.67470000000003
3.1147,15.000000,0.004968453163002096,0.0042999999999999705,0.04358438782697405,84.19929999999977
3.2147,15.000000,0.005144477133001146,0.0044999999999999485,0.041082748403079794,79.0315999999998
3.3147,15.000000,0.00509757936299593,0.0045999999999999375,0.03881184271245719,74.37789999999995
3.4147,15.000000,0.004908073002994229,0.0044999999999999485,0.035654433730843094,68.11279999999988
3.5147,15.000000,0.0046326563330012505,0.0042999999999999705,0.032970636096471106,62.80359999999973
3.6147,15.000000,0.004311696342995219,0.0040000000000000036,0.030347557865591623,57.66449999999986
3.7147,15.000000,0.003973435502999223,0.0038000000000000256,0.027821630680300302,52.74479999999994
3.8147,15.000000,0.003636859983004115,0.0035000000000000586,0.02529570349500876,47.86239999999998
3.9147,15.000000,0.003313901572994382,0.0032000000000000917,0.022939790639496804,43.33179999999993
4.0147,15.000000,0.003011306203006825,0.0028999999999999027,0.02065674106817572,38.96369999999979
4.1147,15.000000,0.0027322894730019698,0.0025999999999999357,0.018531561945935415,34.90470000000005
4.2147,15.000000,0.0024775817529985034,0.0023999999999999577,0.01674641148325362,31.479699999999866
4.3147,15.000000,0.0022465764329950844,0.0020999999999999908,0.015009836543365851,28.173099999999977
4.5147,15.000000,0.0018499708729962094,0.0018000000000000238,0.01224103174410418,22.89949999999999
4.7147,15.000000,0.0015293620130023555,0.0014000000000000679,0.009751536200908406,18.196899999999914
4.9147,15.000000,0.0012716761829949519,0.0012000000000000899,0.008099968425910209,15.062399999999798
5.1147,15.000000,0.0010650540230017214,0.0009999999999998899,0.006545551696500285,12.146299999999883
5.3147,15.000000,0.0008990854630042122,0.0007999999999999119,0.00544045855293529,10.061599999999999
5.5147,15.000000,0.0007649930730053711,0.0006999999999999229,0.004481091977752594,8.254699999999957
5.7147,15.000000,0.0006558196029970986,0.0005999999999999339,0.0037646030165400246,6.908099999999649
5.9147,15.000000,0.0005662984330001564,0.0004999999999999449,0.003218128385106822,5.906799999999748
6.1147,15.000000,0.0004924238329948594,0.00039999999999995595,0.002756660918563192,5.032600000000002
6.3147,15.000000,0.0004310215429939035,0.00039999999999995595,0.0023680567362107663,4.326199999999972
2.8147,20.000000,0.002256198422998068,0.0019000000000000128,0.04179923736429225,82.41219999999976
2.9147,20.000000,0.0037679145529949665,0.0029999999999998916,0.041301338255652964,80.6846999999998
3.0147,20.000000,0.004615393072995744,0.0037000000000000366,0.04029339615767624,78.1931999999997
3.1147,20.000000,0.005011643732999005,0.0040000000000000036,0.038666116144075,74.6597999999999
3.2147,20.000000,0.0051073831029953,0.0041999999999999815,0.03665023194812134,70.4661000000001
3.3147,20.000000,0.0050079330529939625,0.0041999999999999815,0.03444004566099157,65.96180000000004
3.4147,20.000000,0.0047866264430069805,0.0040999999999999925,0.03220557161246451,61.498299999999745
3.5147,20.000000,0.004494735652997406,0.0039000000000000146,0.029849658756952335,56.83570000000009
3.6147,20.000000,0.004168040623000024,0.0037000000000000366,0.0274694581400432,52.18419999999969
3.7147,20.000000,0.003831080573007739,0.0034000000000000696,0.025162120807325272,47.69499999999971
3.8147,20.000000,0.0035000088829946208,0.0032000000000000917,0.022927646758798326,43.39619999999968
3.9147,20.000000,0.003184790473000021,0.0028999999999999027,0.020960338085638686,39.592699999999695
4.0147,20.000000,0.0028909461330073327,0.0025999999999999357,0.01881087120200131,35.47579999999971
4.1147,20.000000,0.002620890583003188,0.0023999999999999577,0.01696500133582679,31.9395999999997
4.2147,20.000000,0.0023750000329982868,0.0020999999999999908,0.014730527287299955,27.71939999999995
4.3147,20.000000,0.0021524873729958927,0.0019000000000000128,0.013479707575352884,25.329400000000078
4.5147,20.000000,0.0017713632730078643,0.0016000000000000458,0.011135938600539297,20.853200000000015
4.7147,20.000000,0.0014638554930002101,0.0013000000000000789,0.009047191120394538,16.88319999999976
4.9147,20.000000,0.0012169412929949885,0.001100000000000101,0.007371335583999383,13.710199999999986
5.1147,20.000000,0.0010192013630074825,0.0008999999999999009,0.005999077065066971,11.14509999999973
5.3147,20.000000,0.0008606789230043432,0.0006999999999999229,0.004906127802200566,9.07739999999967
5.5147,20.000000,0.0007328525930034857,0.0005999999999999339,0.004031768391907442,7.447699999999713
5.7147,20.000000,0.0006288422830067475,0.0004999999999999449,0.0033638549534891204,6.185199999999895
5.9147,20.000000,0.0005434409030016241,0.0004999999999999449,0.0029509630097395156,5.408199999999852
6.1147,20.000000,0.00047277669300171965,0.00039999999999995595,0.002525927185291321,4.614700000000084
6.3147,20.000000,0.00041387244300494785,0.00029999999999996696,0.0021737546450344425,3.964599999999791
2.8147,25.000000,0.002702527563002377,0.0019000000000000128,0.03604303791319552,71.15009999999984
2.9147,25.000000,0.00400140352300582,0.0027999999999999137,0.03536298059407872,69.13110000000006
3.0147,25.000000,0.004698765322999066,0.0033000000000000806,0.034476477303087005,66.89309999999978
3.1147,25.000000,0.004990939392996552,0.0036000000000000476,0.03328637699463244,64.2150999999999
3.2147,25.000000,0.005016550532999986,0.0038000000000000256,0.0317319602652224,60.9391999999998
3.3147,25.000000,0.004872334973001102,0.0038000000000000256,0.029971097563937565,57.33889999999974
3.4147,25.000000,0.0046253426829991895,0.0037000000000000366,0.02808879605566772,53.57199999999966
3.5147,25.000000,0.004321803923005518,0.0034000000000000696,0.025332135137104528,48.24279999999999
3.6147,25.000000,0.003993240772999229,0.0031000000000001027,0.02275763242901896,43.26119999999992
3.7147,25.000000,0.0036611092230032227,0.0029999999999998916,0.02171325868894669,41.154399999999896
3.8147,25.000000,0.0033386034630069616,0.0027999999999999137,0.020134554198139587,38.06619999999975
3.9147,25.000000,0.003033893673006105,0.0025999999999999357,0.01833725985475909,34.622699999999895
4.0147,25.000000,0.0027513052729943865,0.0022999999999999687,0.016491389988584793,31.07639999999992
4.1147,25.000000,0.0024926087729966184,0.0020999999999999908,0.014997692662667372,28.21270000000004
4.2147,25.000000,0.002257714332998262,0.0019000000000000128,0.013455419813955927,25.288700000000063
4.3147,25.000000,0.0020456031530073915,0.0017000000000000348,0.01211959293711895,22.74440000000004
4.5147,25.000000,0.0016832182629968884,0.0014000000000000679,0.009897262769290593,18.50949999999966
4.7147,25.000000,0.00139141729300718,0.0012000000000000899,0.008027105141719115,14.969700000000103
4.9147,25.000000,0.0011573673029943166,0.0009999999999998899,0.006545551696500285,12.178199999999833
5.1147,25.000000,0.000970105823000722,0.0007999999999999119,0.0053918830301410425,10.013899999999921
5.3147,25.000000,0.0008201364129973854,0.0006999999999999229,0.004420372574259868,8.17029999999977
5.5147,25.000000,0.0006992613530059089,0.0005999999999999339,0.0036674519709519737,6.771799999999985
5.7147,25.000000,0.0006008196429974078,0.0004999999999999449,0.003096689578121814,5.6841999999996915
5.9147,25.000000,0.0005198032730078239,0.00039999999999995595,0.0026473659922765513,4.856800000000021
6.1147,25.000000,0.0004525643229982279,0.00039999999999995595,0.0022709056906226044,4.148799999999937
