0.8218,2.1428,90.0,-0.17664420842321E+03
0.8318,2.1428,90.0,-0.17664714583616E+03
0.8418,2.1428,90.0,-0.17664969055816E+03
0.8518,2.1428,90.0,-0.17665187128592E+03
0.8618,2.1428,90.0,-0.17665371473666E+03
0.8718,2.1428,90.0,-0.17665524575156E+03
0.8818,2.1428,90.0,-0.17665648738672E+03
0.8918,2.1428,90.0,-0.17665746099527E+03
0.9018,2.1428,90.0,-0.17665818630523E+03
0.9118,2.1428,90.0,-0.17665868149740E+03
0.9218,2.1428,90.0,-0.17665896328655E+03
0.9318,2.1428,90.0,-0.17665904700680E+03
0.9418,2.1428,90.0,-0.17665894669983E+03
0.9518,2.1428,90.0,-0.17665867520152E+03
0.9618,2.1428,90.0,-0.17665824422318E+03
0.9718,2.1428,90.0,-0.17665766442278E+03
0.9818,2.1428,90.0,-0.17665694546387E+03
0.9918,2.1428,90.0,-0.17665609606159E+03
1.0018,2.1428,90.0,-0.17665512401681E+03
1.0118,2.1428,90.0,-0.17665403624035E+03
1.0218,2.1428,90.0,-0.17665283876957E+03
0.8218,2.2428,90.0,-0.17665474732443E+03
0.8318,2.2428,90.0,-0.17665783074918E+03
0.8418,2.2428,90.0,-0.17666051944392E+03
0.8518,2.2428,90.0,-0.17666284223947E+03
0.8618,2.2428,90.0,-0.17666482606226E+03
0.8718,2.2428,90.0,-0.17666649605644E+03
0.8818,2.2428,90.0,-0.17666787569378E+03
0.8918,2.2428,90.0,-0.17666898687231E+03
0.9018,2.2428,90.0,-0.17666985000471E+03
0.9118,2.2428,90.0,-0.17667048409799E+03
0.9218,2.2428,90.0,-0.17667090682628E+03
0.9318,2.2428,90.0,-0.17667113459879E+03
0.9418,2.2428,90.0,-0.17667118262511E+03
0.9518,2.2428,90.0,-0.17667106497954E+03
0.9618,2.2428,90.0,-0.17667079466527E+03
0.9718,2.2428,90.0,-0.17667038367880E+03
0.9818,2.2428,90.0,-0.17666984307264E+03
0.9918,2.2428,90.0,-0.17666918301553E+03
1.0018,2.2428,90.0,-0.17666841284763E+03
1.0118,2.2428,90.0,-0.17666754112910E+03
1.0218,2.2428,90.0,-0.17666657568134E+03
0.8218,2.3428,90.0,-0.17666102199940E+03
0.8318,2.3428,90.0,-0.17666418439795E+03
0.8418,2.3428,90.0,-0.17666694917226E+03
0.8518,2.3428,90.0,-0.17666934509871E+03
0.8618,2.3428,90.0,-0.17667139907585E+03
0.8718,2.3428,90.0,-0.17667313625297E+03
0.8818,2.3428,90.0,-0.17667458014780E+03
0.8918,2.3428,90.0,-0.17667575275416E+03
0.9018,2.3428,90.0,-0.17667667464031E+03
0.9118,2.3428,90.0,-0.17667736503844E+03
0.9218,2.3428,90.0,-0.17667784192628E+03
0.9318,2.3428,90.0,-0.17667812210137E+03
0.9418,2.3428,90.0,-0.17667822124900E+03
0.9518,2.3428,90.0,-0.17667815400478E+03
0.9618,2.3428,90.0,-0.17667793401278E+03
0.9718,2.3428,90.0,-0.17667757398025E+03
0.9818,2.3428,90.0,-0.17667708572964E+03
0.9918,2.3428,90.0,-0.17667648024889E+03
1.0018,2.3428,90.0,-0.17667576773910E+03
1.0118,2.3428,90.0,-0.17667495766118E+03
1.0218,2.3428,90.0,-0.17667405877941E+03
0.8218,2.4428,90.0,-0.17666453237774E+03
0.8318,2.4428,90.0,-0.17666773316989E+03
0.8418,2.4428,90.0,-0.17667053348058E+03
0.8518,2.4428,90.0,-0.17667296197546E+03
0.8618,2.4428,90.0,-0.17667504545349E+03
0.8718,2.4428,90.0,-0.17667680897781E+03
0.8818,2.4428,90.0,-0.17667827599615E+03
0.8918,2.4428,90.0,-0.17667946845179E+03
0.9018,2.4428,90.0,-0.17668040688558E+03
0.9118,2.4428,90.0,-0.17668111052980E+03
0.9218,2.4428,90.0,-0.17668159739434E+03
0.9318,2.4428,90.0,-0.17668188434585E+03
0.9418,2.4428,90.0,-0.17668198718041E+03
0.9518,2.4428,90.0,-0.17668192069027E+03
0.9618,2.4428,90.0,-0.17668169872525E+03
0.9718,2.4428,90.0,-0.17668133424927E+03
0.9818,2.4428,90.0,-0.17668083939276E+03
0.9918,2.4428,90.0,-0.17668022550116E+03
1.0018,2.4428,90.0,-0.17667950318031E+03
1.0118,2.4428,90.0,-0.17667868233884E+03
1.0218,2.4428,90.0,-0.17667777222825E+03
0.8218,2.5428,90.0,-0.17666626946401E+03
0.8318,2.5428,90.0,-0.17666948371225E+03
0.8418,2.5428,90.0,-0.17667229496424E+03
0.8518,2.5428,90.0,-0.17667473176648E+03
0.8618,2.5428,90.0,-0.17667682080396E+03
0.8718,2.5428,90.0,-0.17667858703210E+03
0.8818,2.5428,90.0,-0.17668005379839E+03
0.8918,2.5428,90.0,-0.17668124295460E+03
0.9018,2.5428,90.0,-0.17668217496030E+03
0.9118,2.5428,90.0,-0.17668286897836E+03
0.9218,2.5428,90.0,-0.17668334296294E+03
0.9318,2.5428,90.0,-0.17668361374065E+03
0.9418,2.5428,90.0,-0.17668369708538E+03
0.9518,2.5428,90.0,-0.17668360778721E+03
0.9618,2.5428,90.0,-0.17668335971605E+03
0.9718,2.5428,90.0,-0.17668296588030E+03
0.9818,2.5428,90.0,-0.17668243848100E+03
0.9918,2.5428,90.0,-0.17668178896195E+03
1.0018,2.5428,90.0,-0.17668102805605E+03
1.0118,2.5428,90.0,-0.17668016582822E+03
1.0218,2.5428,90.0,-0.17667921171535E+03
0.8218,2.6428,90.0,-0.17666689100871E+03
0.8318,2.6428,90.0,-0.17667010350036E+03
0.8418,2.6428,90.0,-0.17667291090462E+03
0.8518,2.6428,90.0,-0.17667534165727E+03
0.8618,2.6428,90.0,-0.17667742233494E+03
0.8718,2.6428,90.0,-0.17667917778761E+03
0.8818,2.6428,90.0,-0.17668063126103E+03
0.8918,2.6428,90.0,-0.17668180450966E+03
0.9018,2.6428,90.0,-0.17668271790089E+03
0.9118,2.6428,90.0,-0.17668339051128E+03
0.9218,2.6428,90.0,-0.17668384021545E+03
0.9318,2.6428,90.0,-0.17668408376803E+03
0.9418,2.6428,90.0,-0.17668413687939E+03
0.9518,2.6428,90.0,-0.17668401428557E+03
0.9618,2.6428,90.0,-0.17668372981287E+03
0.9718,2.6428,90.0,-0.17668329643747E+03
0.9818,2.6428,90.0,-0.17668272634067E+03
0.9918,2.6428,90.0,-0.17668203095984E+03
1.0018,2.6428,90.0,-0.17668122103571E+03
1.0118,2.6428,90.0,-0.17668030665604E+03
1.0218,2.6428,90.0,-0.17667929729617E+03
0.8218,2.7428,90.0,-0.17666683826875E+03
0.8318,2.7428,90.0,-0.17667003981312E+03
0.8418,2.7428,90.0,-0.17667283455952E+03
0.8518,2.7428,90.0,-0.17667525084928E+03
0.8618,2.7428,90.0,-0.17667731516485E+03
0.8718,2.7428,90.0,-0.17667905226294E+03
0.8818,2.7428,90.0,-0.17668048529736E+03
0.8918,2.7428,90.0,-0.17668163593248E+03
0.9018,2.7428,90.0,-0.17668252444801E+03
0.9118,2.7428,90.0,-0.17668316983569E+03
0.9218,2.7428,90.0,-0.17668358988864E+03
0.9318,2.7428,90.0,-0.17668380128387E+03
0.9418,2.7428,90.0,-0.17668381965847E+03
0.9518,2.7428,90.0,-0.17668365968003E+03
0.9618,2.7428,90.0,-0.17668333511173E+03
0.9718,2.7428,90.0,-0.17668285887253E+03
0.9818,2.7428,90.0,-0.17668224309282E+03
0.9918,2.7428,90.0,-0.17668149916596E+03
1.0018,2.7428,90.0,-0.17668063779595E+03
1.0118,2.7428,90.0,-0.17667966904163E+03
1.0218,2.7428,90.0,-0.17667860235761E+03
0.8218,2.8428,90.0,-0.17666639917930E+03
0.8318,2.8428,90.0,-0.17666958478325E+03
0.8418,2.8428,90.0,-0.17667236217623E+03
0.8518,2.8428,90.0,-0.17667475962385E+03
0.8618,2.8428,90.0,-0.17667680353223E+03
0.8718,2.8428,90.0,-0.17667851858143E+03
0.8818,2.8428,90.0,-0.17667992784864E+03
0.8918,2.8428,90.0,-0.17668105292200E+03
0.9018,2.8428,90.0,-0.17668191400568E+03
0.9118,2.8428,90.0,-0.17668253001690E+03
0.9218,2.8428,90.0,-0.17668291867561E+03
0.9318,2.8428,90.0,-0.17668309658729E+03
0.9418,2.8428,90.0,-0.17668307931947E+03
0.9518,2.8428,90.0,-0.17668288147246E+03
0.9618,2.8428,90.0,-0.17668251674473E+03
0.9718,2.8428,90.0,-0.17668199799344E+03
0.9818,2.8428,90.0,-0.17668133729036E+03
0.9918,2.8428,90.0,-0.17668054597370E+03
1.0018,2.8428,90.0,-0.17667963469613E+03
1.0118,2.8428,90.0,-0.17667861346920E+03
1.0218,2.8428,90.0,-0.17667749170457E+03
0.8218,2.9428,90.0,-0.17666575411296E+03
0.8318,2.9428,90.0,-0.17666892192444E+03
0.8418,2.9428,90.0,-0.17667168034959E+03
0.8518,2.9428,90.0,-0.17667405759445E+03
0.8618,2.9428,90.0,-0.17667608000466E+03
0.8718,2.9428,90.0,-0.17667777219918E+03
0.8818,2.9428,90.0,-0.17667915719372E+03
0.8918,2.9428,90.0,-0.17668025651477E+03
0.9018,2.9428,90.0,-0.17668109030489E+03
0.9118,2.9428,90.0,-0.17668167741991E+03
0.9218,2.9428,90.0,-0.17668203551878E+03
0.9318,2.9428,90.0,-0.17668218114655E+03
0.9418,2.9428,90.0,-0.17668212981105E+03
0.9518,2.9428,90.0,-0.17668189605380E+03
0.9618,2.9428,90.0,-0.17668149351556E+03
0.9718,2.9428,90.0,-0.17668093499695E+03
0.9818,2.9428,90.0,-0.17668023251465E+03
0.9918,2.9428,90.0,-0.17667939735333E+03
1.0018,2.9428,90.0,-0.17667844011384E+03
1.0118,2.9428,90.0,-0.17667737075784E+03
1.0218,2.9428,90.0,-0.17667619864917E+03
0.8218,3.0428,90.0,-0.17666501541030E+03
0.8318,3.0428,90.0,-0.17666816547518E+03
0.8418,3.0428,90.0,-0.17667090517423E+03
0.8518,3.0428,90.0,-0.17667326266612E+03
0.8618,3.0428,90.0,-0.17667526424800E+03
0.8718,3.0428,90.0,-0.17667693448947E+03
0.8818,3.0428,90.0,-0.17667829635628E+03
0.8918,3.0428,90.0,-0.17667937132455E+03
0.9018,3.0428,90.0,-0.17668017948620E+03
0.9118,3.0428,90.0,-0.17668073964638E+03
0.9218,3.0428,90.0,-0.17668106941338E+03
0.9318,3.0428,90.0,-0.17668118528179E+03
0.9418,3.0428,90.0,-0.17668110270920E+03
0.9518,3.0428,90.0,-0.17668083618725E+03
0.9618,3.0428,90.0,-0.17668039930720E+03
0.9718,3.0428,90.0,-0.17667980482070E+03
0.9818,3.0428,90.0,-0.17667906469599E+03
0.9918,3.0428,90.0,-0.17667819016995E+03
1.0018,3.0428,90.0,-0.17667719179633E+03
1.0118,3.0428,90.0,-0.17667607949048E+03
1.0218,3.0428,90.0,-0.17667486257080E+03
0.8218,3.1428,90.0,-0.17666424844364E+03
0.8318,3.1428,90.0,-0.17666738184375E+03
0.8418,3.1428,90.0,-0.17667010407647E+03
0.8518,3.1428,90.0,-0.17667244326411E+03
0.8618,3.1428,90.0,-0.17667442566605E+03
0.8718,3.1428,90.0,-0.17667607581287E+03
0.8818,3.1428,90.0,-0.17667741663035E+03
0.8918,3.1428,90.0,-0.17667846955382E+03
0.9018,3.1428,90.0,-0.17667925463389E+03
0.9118,3.1428,90.0,-0.17667979063396E+03
0.9218,3.1428,90.0,-0.17668009512033E+03
0.9318,3.1428,90.0,-0.17668018454543E+03
0.9418,3.1428,90.0,-0.17668007432465E+03
0.9518,3.1428,90.0,-0.17667977890747E+03
0.9618,3.1428,90.0,-0.17667931184308E+03
0.9718,3.1428,90.0,-0.17667868584116E+03
0.9818,3.1428,90.0,-0.17667791282816E+03
0.9918,3.1428,90.0,-0.17667700399937E+03
1.0018,3.1428,90.0,-0.17667596986719E+03
1.0118,3.1428,90.0,-0.17667482030584E+03
1.0218,3.1428,90.0,-0.17667356459287E+03
0.8218,3.2428,90.0,-0.17666349444215E+03
0.8318,3.2428,90.0,-0.17666661250433E+03
0.8418,3.2428,90.0,-0.17666931874851E+03
0.8518,3.2428,90.0,-0.17667164127061E+03
0.8618,3.2428,90.0,-0.17667360630204E+03
0.8718,3.2428,90.0,-0.17667523834409E+03
0.8818,3.2428,90.0,-0.17667656029191E+03
0.8918,3.2428,90.0,-0.17667759354922E+03
0.9018,3.2428,90.0,-0.17667835813411E+03
0.9118,3.2428,90.0,-0.17667887277673E+03
0.9218,3.2428,90.0,-0.17667915500958E+03
0.9318,3.2428,90.0,-0.17667922125084E+03
0.9418,3.2428,90.0,-0.17667908688132E+03
0.9518,3.2428,90.0,-0.17667876631566E+03
0.9618,3.2428,90.0,-0.17667827306802E+03
0.9718,3.2428,90.0,-0.17667761981294E+03
0.9818,3.2428,90.0,-0.17667681844158E+03
0.9918,3.2428,90.0,-0.17667588011387E+03
1.0018,3.2428,90.0,-0.17667481530677E+03
1.0118,3.2428,90.0,-0.17667363385900E+03
1.0218,3.2428,90.0,-0.17667234501257E+03
0.8218,3.3428,90.0,-0.17666277517400E+03
0.8318,3.3428,90.0,-0.17666587935238E+03
0.8418,3.3428,90.0,-0.17666857118930E+03
0.8518,3.3428,90.0,-0.17667087876257E+03
0.8618,3.3428,90.0,-0.17667282828404E+03
0.8718,3.3428,90.0,-0.17667444423400E+03
0.8818,3.3428,90.0,-0.17667574948541E+03
0.8918,3.3428,90.0,-0.17667676541862E+03
0.9018,3.3428,90.0,-0.17667751202732E+03
0.9118,3.3428,90.0,-0.17667800801642E+03
0.9218,3.3428,90.0,-0.17667827089243E+03
0.9318,3.3428,90.0,-0.17667831704696E+03
0.9418,3.3428,90.0,-0.17667816183373E+03
0.9518,3.3428,90.0,-0.17667781963987E+03
0.9618,3.3428,90.0,-0.17667730395173E+03
0.9718,3.3428,90.0,-0.17667662741571E+03
0.9818,3.3428,90.0,-0.17667580189460E+03
0.9918,3.3428,90.0,-0.17667483851972E+03
1.0018,3.3428,90.0,-0.17667374773917E+03
1.0118,3.3428,90.0,-0.17667253936260E+03
1.0218,3.3428,90.0,-0.17667122260270E+03
0.8218,3.4428,90.0,-0.17666210586086E+03
0.8318,3.4428,90.0,-0.17666519744041E+03
0.8418,3.4428,90.0,-0.17666787625324E+03
0.8518,3.4428,90.0,-0.17667017036531E+03
0.8618,3.4428,90.0,-0.17667210597529E+03
0.8718,3.4428,90.0,-0.17667370754905E+03
0.8818,3.4428,90.0,-0.17667499794392E+03
0.8918,3.4428,90.0,-0.17667599852347E+03
0.9018,3.4428,90.0,-0.17667672926362E+03
0.9118,3.4428,90.0,-0.17667720885059E+03
0.9218,3.4428,90.0,-0.17667745477141E+03
0.9318,3.4428,90.0,-0.17667748339757E+03
0.9418,3.4428,90.0,-0.17667731006208E+03
0.9518,3.4428,90.0,-0.17667694913095E+03
0.9618,3.4428,90.0,-0.17667641406897E+03
0.9718,3.4428,90.0,-0.17667571750070E+03
0.9818,3.4428,90.0,-0.17667487126679E+03
0.9918,3.4428,90.0,-0.17667388647616E+03
1.0018,3.4428,90.0,-0.17667277355425E+03
1.0118,3.4428,90.0,-0.17667154228781E+03
1.0218,3.4428,90.0,-0.17667020186639E+03
0.8218,3.5428,90.0,-0.17666149335244E+03
0.8318,3.5428,90.0,-0.17666457354574E+03
0.8418,3.5428,90.0,-0.17666724062402E+03
0.8518,3.5428,90.0,-0.17666952264608E+03
0.8618,3.5428,90.0,-0.17667144580236E+03
0.8718,3.5428,90.0,-0.17667303454934E+03
0.8818,3.5428,90.0,-0.17667431173390E+03
0.8918,3.5428,90.0,-0.17667529870808E+03
0.9018,3.5428,90.0,-0.17667601543530E+03
0.9118,3.5428,90.0,-0.17667648058841E+03
0.9218,3.5428,90.0,-0.17667671164030E+03
0.9318,3.5428,90.0,-0.17667672494757E+03
0.9418,3.5428,90.0,-0.17667653582788E+03
0.9518,3.5428,90.0,-0.17667615863133E+03
0.9618,3.5428,90.0,-0.17667560680645E+03
0.9718,3.5428,90.0,-0.17667489296119E+03
0.9818,3.5428,90.0,-0.17667402891934E+03
0.9918,3.5428,90.0,-0.17667302577268E+03
1.0018,3.5428,90.0,-0.17667189392937E+03
1.0118,3.5428,90.0,-0.17667064315860E+03
1.0218,3.5428,90.0,-0.17666928263212E+03
0.8218,3.6428,90.0,-0.17666094023864E+03
0.8318,3.6428,90.0,-0.17666401016494E+03
0.8418,3.6428,90.0,-0.17666666668596E+03
0.8518,3.6428,90.0,-0.17666893785665E+03
0.8618,3.6428,90.0,-0.17667084986269E+03
0.8718,3.6428,90.0,-0.17667242715492E+03
0.8818,3.6428,90.0,-0.17667369257359E+03
0.8918,3.6428,90.0,-0.17667466746321E+03
0.9018,3.6428,90.0,-0.17667537177878E+03
0.9118,3.6428,90.0,-0.17667582418391E+03
0.9218,3.6428,90.0,-0.17667604214152E+03
0.9318,3.6428,90.0,-0.17667604199760E+03
0.9418,3.6428,90.0,-0.17667583905863E+03
0.9518,3.6428,90.0,-0.17667544766303E+03
0.9618,3.6428,90.0,-0.17667488124726E+03
0.9718,3.6428,90.0,-0.17667415240692E+03
0.9818,3.6428,90.0,-0.17667327295310E+03
0.9918,3.6428,90.0,-0.17667225396474E+03
1.0018,3.6428,90.0,-0.17667110583685E+03
1.0118,3.6428,90.0,-0.17666983832540E+03
1.0218,3.6428,90.0,-0.17666846058868E+03
0.8218,3.8428,90.0,-0.17666000639592E+03
0.8318,3.8428,90.0,-0.17666305887761E+03
0.8418,3.8428,90.0,-0.17666569749742E+03
0.8518,3.8428,90.0,-0.17666795030772E+03
0.8618,3.8428,90.0,-0.17666984349054E+03
0.8718,3.8428,90.0,-0.17667140149181E+03
0.8818,3.8428,90.0,-0.17667264714556E+03
0.8918,3.8428,90.0,-0.17667360178875E+03
0.9018,3.8428,90.0,-0.17667428536755E+03
0.9118,3.8428,90.0,-0.17667471653547E+03
0.9218,3.8428,90.0,-0.17667491274415E+03
0.9318,3.8428,90.0,-0.17667489032727E+03
0.9418,3.8428,90.0,-0.17667466457801E+03
0.9518,3.8428,90.0,-0.17667424982070E+03
0.9618,3.8428,90.0,-0.17667365947700E+03
0.9718,3.8428,90.0,-0.17667290612703E+03
0.9818,3.8428,90.0,-0.17667200156598E+03
0.9918,3.8428,90.0,-0.17667095685636E+03
1.0018,3.8428,90.0,-0.17666978237645E+03
1.0118,3.8428,90.0,-0.17666848786504E+03
1.0218,3.8428,90.0,-0.17666708246306E+03
0.8218,4.0428,90.0,-0.17665927542612E+03
0.8318,4.0428,90.0,-0.17666231416070E+03
0.8418,4.0428,90.0,-0.17666493870200E+03
0.8518,4.0428,90.0,-0.17666717710180E+03
0.8618,4.0428,90.0,-0.17666905554104E+03
0.8718,4.0428,90.0,-0.17667059846403E+03
0.8818,4.0428,90.0,-0.17667182870257E+03
0.8918,4.0428,90.0,-0.17667276759080E+03
0.9018,4.0428,90.0,-0.17667343507133E+03
0.9118,4.0428,90.0,-0.17667384979353E+03
0.9218,4.0428,90.0,-0.17667402920426E+03
0.9318,4.0428,90.0,-0.17667398963180E+03
0.9418,4.0428,90.0,-0.17667374636345E+03
0.9518,4.0428,90.0,-0.17667331371720E+03
0.9618,4.0428,90.0,-0.17667270510791E+03
0.9718,4.0428,90.0,-0.17667193310855E+03
0.9818,4.0428,90.0,-0.17667100950681E+03
0.9918,4.0428,90.0,-0.17666994535738E+03
1.0018,4.0428,90.0,-0.17666875103050E+03
1.0118,4.0428,90.0,-0.17666743625663E+03
1.0218,4.0428,90.0,-0.17666601016814E+03
0.8218,4.2428,90.0,-0.17665870229089E+03
0.8318,4.2428,90.0,-0.17666173057746E+03
0.8418,4.2428,90.0,-0.17666434444099E+03
0.8518,4.2428,90.0,-0.17666657193367E+03
0.8618,4.2428,90.0,-0.17666843923666E+03
0.8718,4.2428,90.0,-0.17666997079421E+03
0.8818,4.2428,90.0,-0.17667118943775E+03
0.8918,4.2428,90.0,-0.17667211650068E+03
0.9018,4.2428,90.0,-0.17667277192465E+03
0.9118,4.2428,90.0,-0.17667317435767E+03
0.9218,4.2428,90.0,-0.17667334124496E+03
0.9318,4.2428,90.0,-0.17667328891295E+03
0.9418,4.2428,90.0,-0.17667303264681E+03
0.9518,4.2428,90.0,-0.17667258676218E+03
0.9618,4.2428,90.0,-0.17667196467145E+03
0.9718,4.2428,90.0,-0.17667117894498E+03
0.9818,4.2428,90.0,-0.17667024136772E+03
0.9918,4.2428,90.0,-0.17666916299160E+03
1.0018,4.2428,90.0,-0.17666795418394E+03
1.0118,4.2428,90.0,-0.17666662467225E+03
1.0218,4.2428,90.0,-0.17666518358589E+03
0.8218,4.4428,90.0,-0.17665824478133E+03
0.8318,4.4428,90.0,-0.17666126497225E+03
0.8418,4.4428,90.0,-0.17666387057460E+03
0.8518,4.4428,90.0,-0.17666608964194E+03
0.8618,4.4428,90.0,-0.17666794835664E+03
0.8718,4.4428,90.0,-0.17666947116391E+03
0.8818,4.4428,90.0,-0.17667068089593E+03
0.8918,4.4428,90.0,-0.17667159888659E+03
0.9018,4.4428,90.0,-0.17667224507769E+03
0.9118,4.4428,90.0,-0.17667263811721E+03
0.9218,4.4428,90.0,-0.17667279545013E+03
0.9318,4.4428,90.0,-0.17667273340237E+03
0.9418,4.4428,90.0,-0.17667246725846E+03
0.9518,4.4428,90.0,-0.17667201133328E+03
0.9618,4.4428,90.0,-0.17667137903830E+03
0.9718,4.4428,90.0,-0.17667058294293E+03
0.9818,4.4428,90.0,-0.17666963483111E+03
0.9918,4.4428,90.0,-0.17666854575372E+03
1.0018,4.4428,90.0,-0.17666732607708E+03
1.0118,4.4428,90.0,-0.17666598552755E+03
1.0218,4.4428,90.0,-0.17666453323355E+03
0.8218,4.6428,90.0,-0.17665787807789E+03
0.8318,4.6428,90.0,-0.17666089184238E+03
0.8418,4.6428,90.0,-0.17666349089157E+03
0.8518,4.6428,90.0,-0.17666570328062E+03
0.8618,4.6428,90.0,-0.17666755519331E+03
0.8718,4.6428,90.0,-0.17666907107610E+03
0.8818,4.6428,90.0,-0.17667027376226E+03
0.8918,4.6428,90.0,-0.17667118458654E+03
0.9018,4.6428,90.0,-0.17667182349143E+03
0.9118,4.6428,90.0,-0.17667220912539E+03
0.9218,4.6428,90.0,-0.17667235893366E+03
0.9318,4.6428,90.0,-0.17667228924229E+03
0.9418,4.6428,90.0,-0.17667201533577E+03
0.9518,4.6428,90.0,-0.17667155152880E+03
0.9618,4.6428,90.0,-0.17667091123259E+03
0.9718,4.6428,90.0,-0.17667010701618E+03
0.9818,4.6428,90.0,-0.17666915066311E+03
0.9918,4.6428,90.0,-0.17666805322382E+03
1.0018,4.6428,90.0,-0.17666682506405E+03
1.0118,4.6428,90.0,-0.17666547591002E+03
1.0218,4.6428,90.0,-0.17666401488937E+03
0.8218,4.8428,90.0,-0.17665758175198E+03
0.8318,4.8428,90.0,-0.17666059042790E+03
0.8418,4.8428,90.0,-0.17666318428679E+03
0.8518,4.8428,90.0,-0.17666539138547E+03
0.8618,4.8428,90.0,-0.17666723790930E+03
0.8718,4.8428,90.0,-0.17666874830622E+03
0.8818,4.8428,90.0,-0.17666994541075E+03
0.8918,4.8428,90.0,-0.17667085055878E+03
0.9018,4.8428,90.0,-0.17667148369377E+03
0.9118,4.8428,90.0,-0.17667186346498E+03
0.9218,4.8428,90.0,-0.17667200731827E+03
0.9318,4.8428,90.0,-0.17667193158019E+03
0.9418,4.8428,90.0,-0.17667165153557E+03
0.9518,4.8428,90.0,-0.17667118149932E+03
0.9618,4.8428,90.0,-0.17667053488279E+03
0.9718,4.8428,90.0,-0.17666972425506E+03
0.9818,4.8428,90.0,-0.17666876139965E+03
0.9918,4.8428,90.0,-0.17666765736692E+03
1.0018,4.8428,90.0,-0.17666642252256E+03
1.0118,4.8428,90.0,-0.17666506659259E+03
1.0218,4.8428,90.0,-0.17666359870464E+03
0.8218,5.0428,90.0,-0.17665733965208E+03
0.8318,5.0428,90.0,-0.17666034431002E+03
0.8418,5.0428,90.0,-0.17666293406794E+03
0.8518,5.0428,90.0,-0.17666513698429E+03
0.8618,5.0428,90.0,-0.17666697924594E+03
0.8718,5.0428,90.0,-0.17666848530224E+03
0.8818,5.0428,90.0,-0.17666967798900E+03
0.8918,5.0428,90.0,-0.17667057864323E+03
0.9018,5.0428,90.0,-0.17667120720940E+03
0.9118,5.0428,90.0,-0.17667158233758E+03
0.9218,5.0428,90.0,-0.17667172147435E+03
0.9318,5.0428,90.0,-0.17667164094682E+03
0.9418,5.0428,90.0,-0.17667135604025E+03
0.9518,5.0428,90.0,-0.17667088106988E+03
0.9618,5.0428,90.0,-0.17667022944729E+03
0.9718,5.0428,90.0,-0.17666941374170E+03
0.9818,5.0428,90.0,-0.17666844573672E+03
0.9918,5.0428,90.0,-0.17666733648277E+03
1.0018,5.0428,90.0,-0.17666609634555E+03
1.0118,5.0428,90.0,-0.17666473505106E+03
1.0218,5.0428,90.0,-0.17666326172695E+03
0.8218,5.2428,90.0,-0.17665713918865E+03
0.8318,5.2428,90.0,-0.17666014064731E+03
0.8418,5.2428,90.0,-0.17666272713953E+03
0.8518,5.2428,90.0,-0.17666492672525E+03
0.8618,5.2428,90.0,-0.17666676559278E+03
0.8718,5.2428,90.0,-0.17666826819275E+03
0.8818,5.2428,90.0,-0.17666945736217E+03
0.8918,5.2428,90.0,-0.17667035443914E+03
0.9018,5.2428,90.0,-0.17667097936904E+03
0.9118,5.2428,90.0,-0.17667135080275E+03
0.9218,5.2428,90.0,-0.17667148618752E+03
0.9318,5.2428,90.0,-0.17667140185099E+03
0.9418,5.2428,90.0,-0.17667111307882E+03
0.9518,5.2428,90.0,-0.17667063418659E+03
0.9618,5.2428,90.0,-0.17666997858605E+03
0.9718,5.2428,90.0,-0.17666915884659E+03
0.9818,5.2428,90.0,-0.17666818675185E+03
0.9918,5.2428,90.0,-0.17666707335228E+03
1.0018,5.2428,90.0,-0.17666582901356E+03
1.0118,5.2428,90.0,-0.17666446346160E+03
1.0218,5.2428,90.0,-0.17666298582404E+03
0.8218,5.4428,90.0,-0.17665697111654E+03
0.8318,5.4428,90.0,-0.17665996997782E+03
0.8418,5.4428,90.0,-0.17666255381960E+03
0.8518,5.4428,90.0,-0.17666475070327E+03
0.8618,5.4428,90.0,-0.17666658681848E+03
0.8718,5.4428,90.0,-0.17666808661717E+03
0.8818,5.4428,90.0,-0.17666927293750E+03
0.8918,5.4428,90.0,-0.17667016711867E+03
0.9018,5.4428,90.0,-0.17667078910699E+03
0.9118,5.4428,90.0,-0.17667115755419E+03
0.9218,5.4428,90.0,-0.17667128990822E+03
0.9318,5.4428,90.0,-0.17667120249731E+03
0.9418,5.4428,90.0,-0.17667091060761E+03
0.9518,5.4428,90.0,-0.17667042855506E+03
0.9618,5.4428,90.0,-0.17666976975170E+03
0.9718,5.4428,90.0,-0.17666894676710E+03
0.9818,5.4428,90.0,-0.17666797138507E+03
0.9918,5.4428,90.0,-0.17666685465609E+03
1.0018,5.4428,90.0,-0.17666560694588E+03
1.0118,5.4428,90.0,-0.17666423798036E+03
1.0218,5.4428,90.0,-0.17666275688713E+03
0.8218,5.6428,90.0,-0.17665682889973E+03
0.8318,5.6428,90.0,-0.17665982561527E+03
0.8418,5.6428,90.0,-0.17666240726754E+03
0.8518,5.6428,90.0,-0.17666460191936E+03
0.8618,5.6428,90.0,-0.17666643576172E+03
0.8718,5.6428,90.0,-0.17666793324783E+03
0.8818,5.6428,90.0,-0.17666911721708E+03
0.8918,5.6428,90.0,-0.17667000900973E+03
0.9018,5.6428,90.0,-0.17667062857312E+03
0.9118,5.6428,90.0,-0.17667099455986E+03
0.9218,5.6428,90.0,-0.17667112441867E+03
0.9318,5.6428,90.0,-0.17667103447849E+03
0.9418,5.6428,90.0,-0.17667074002604E+03
0.9518,5.6428,90.0,-0.17667025537774E+03
0.9618,5.6428,90.0,-0.17666959394605E+03
0.9718,5.6428,90.0,-0.17666876830087E+03
0.9818,5.6428,90.0,-0.17666779022626E+03
0.9918,5.6428,90.0,-0.17666667077292E+03
1.0018,5.6428,90.0,-0.17666542030674E+03
1.0118,5.6428,90.0,-0.17666404855376E+03
1.0218,5.6428,90.0,-0.17666256464169E+03
0.8218,6.6428,90.0,-0.17665636944757E+03
0.8318,6.6428,90.0,-0.17665935966304E+03
0.8418,6.6428,90.0,-0.17666193467188E+03
0.8518,6.6428,90.0,-0.17666412254237E+03
0.8618,6.6428,90.0,-0.17666594947082E+03
0.8718,6.6428,90.0,-0.17666743991553E+03
0.8818,6.6428,90.0,-0.17666861672070E+03
0.8918,6.6428,90.0,-0.17666950123113E+03
0.9018,6.6428,90.0,-0.17667011339833E+03
0.9118,6.6428,90.0,-0.17667047187874E+03
0.9218,6.6428,90.0,-0.17667059412459E+03
0.9318,6.6428,90.0,-0.17667049646793E+03
0.9418,6.6428,90.0,-0.17667019419829E+03
0.9518,6.6428,90.0,-0.17666970163459E+03
0.9618,6.6428,90.0,-0.17666903219150E+03
0.9718,6.6428,90.0,-0.17666819844087E+03
0.9818,6.6428,90.0,-0.17666721216852E+03
0.9918,6.6428,90.0,-0.17666608442672E+03
1.0018,6.6428,90.0,-0.17666482558276E+03
1.0118,6.6428,90.0,-0.17666344536399E+03
1.0218,6.6428,90.0,-0.17666195289934E+03
0.8218,7.6428,90.0,-0.17665613686877E+03
0.8318,7.6428,90.0,-0.17665912406215E+03
0.8418,7.6428,90.0,-0.17666169598785E+03
0.8518,7.6428,90.0,-0.17666388071563E+03
0.8618,7.6428,90.0,-0.17666570444337E+03
0.8718,7.6428,90.0,-0.17666719163096E+03
0.8818,7.6428,90.0,-0.17666836512420E+03
0.8918,7.6428,90.0,-0.17666924626944E+03
0.9018,7.6428,90.0,-0.17666985501973E+03
0.9118,7.6428,90.0,-0.17667021003300E+03
0.9218,7.6428,90.0,-0.17667032876290E+03
0.9318,7.6428,90.0,-0.17667022754282E+03
0.9418,7.6428,90.0,-0.17666992166362E+03
0.9518,7.6428,90.0,-0.17666942544543E+03
0.9618,7.6428,90.0,-0.17666875230410E+03
0.9718,7.6428,90.0,-0.17666791481261E+03
0.9818,7.6428,90.0,-0.17666692475781E+03
0.9918,7.6428,90.0,-0.17666579319302E+03
1.0018,7.6428,90.0,-0.17666453048651E+03
1.0118,7.6428,90.0,-0.17666314636659E+03
1.0218,7.6428,90.0,-0.17666164996310E+03
0.8218,8.6428,90.0,-0.17665600708216E+03
0.8318,8.6428,90.0,-0.17665899262911E+03
0.8418,8.6428,90.0,-0.17666156288514E+03
0.8518,8.6428,90.0,-0.17666374592015E+03
0.8618,8.6428,90.0,-0.17666556793218E+03
0.8718,8.6428,90.0,-0.17666705338133E+03
0.8818,8.6428,90.0,-0.17666822511364E+03
0.8918,8.6428,90.0,-0.17666910447573E+03
0.9018,8.6428,90.0,-0.17666971142094E+03
0.9118,8.6428,90.0,-0.17667006460750E+03
0.9218,8.6428,90.0,-0.17667018148939E+03
0.9318,8.6428,90.0,-0.17667007840036E+03
0.9418,8.6428,90.0,-0.17666977063158E+03
0.9518,8.6428,90.0,-0.17666927250357E+03
0.9618,8.6428,90.0,-0.17666859743253E+03
0.9718,8.6428,90.0,-0.17666775799181E+03
0.9818,8.6428,90.0,-0.17666676596868E+03
0.9918,8.6428,90.0,-0.17666563241682E+03
1.0018,8.6428,90.0,-0.17666436770491E+03
1.0118,8.6428,90.0,-0.17666298156166E+03
1.0218,8.6428,90.0,-0.17666148311735E+03
0.8218,9.6428,90.0,-0.17665592856111E+03
0.8318,9.6428,90.0,-0.17665891312337E+03
0.8418,9.6428,90.0,-0.17666148238408E+03
0.8518,9.6428,90.0,-0.17666366441325E+03
0.8618,9.6428,90.0,-0.17666548540905E+03
0.8718,9.6428,90.0,-0.17666696983171E+03
0.8818,9.6428,90.0,-0.17666814052742E+03
0.8918,9.6428,90.0,-0.17666901884294E+03
0.9018,9.6428,90.0,-0.17666962473176E+03
0.9118,9.6428,90.0,-0.17666997685227E+03
0.9218,9.6428,90.0,-0.17667009265860E+03
0.9318,9.6428,90.0,-0.17666998848465E+03
0.9418,9.6428,90.0,-0.17666967962175E+03
0.9518,9.6428,90.0,-0.17666918039056E+03
0.9618,9.6428,90.0,-0.17666850420746E+03
0.9718,9.6428,90.0,-0.17666766364594E+03
0.9818,9.6428,90.0,-0.17666667049342E+03
0.9918,9.6428,90.0,-0.17666553580375E+03
1.0018,9.6428,90.0,-0.17666426994576E+03
1.0118,9.6428,90.0,-0.17666288264833E+03
1.0218,9.6428,90.0,-0.17666138304190E+03
0.8218,10.6428,90.0,-0.17665587829963E+03
0.8318,10.6428,90.0,-0.17665886224326E+03
0.8418,10.6428,90.0,-0.17666143087922E+03
0.8518,10.6428,90.0,-0.17666361227764E+03
0.8618,10.6428,90.0,-0.17666543263681E+03
0.8718,10.6428,90.0,-0.17666691641709E+03
0.8818,10.6428,90.0,-0.17666808646476E+03
0.8918,10.6428,90.0,-0.17666896412671E+03
0.9018,10.6428,90.0,-0.17666956935657E+03
0.9118,10.6428,90.0,-0.17666992081283E+03
0.9218,10.6428,90.0,-0.17667003594973E+03
0.9318,10.6428,90.0,-0.17666993110129E+03
0.9418,10.6428,90.0,-0.17666962155896E+03
0.9518,10.6428,90.0,-0.17666912164352E+03
0.9618,10.6428,90.0,-0.17666844477143E+03
0.9718,10.6428,90.0,-0.17666760351631E+03
0.9818,10.6428,90.0,-0.17666660966569E+03
0.9918,10.6428,90.0,-0.17666547427351E+03
1.0018,10.6428,90.0,-0.17666420770873E+03
1.0118,10.6428,90.0,-0.17666281970033E+03
1.0218,10.6428,90.0,-0.17666131937885E+03
0.8218,12.6428,90.0,-0.17665582105565E+03
0.8318,12.6428,90.0,-0.17665880431552E+03
0.8418,12.6428,90.0,-0.17666137226132E+03
0.8518,12.6428,90.0,-0.17666355296332E+03
0.8618,12.6428,90.0,-0.17666537261995E+03
0.8718,12.6428,90.0,-0.17666685569168E+03
0.8818,12.6428,90.0,-0.17666802502496E+03
0.8918,12.6428,90.0,-0.17666890196682E+03
0.9018,12.6428,90.0,-0.17666950647100E+03
0.9118,12.6428,90.0,-0.17666985719615E+03
0.9218,12.6428,90.0,-0.17666997159666E+03
0.9318,12.6428,90.0,-0.17666986600666E+03
0.9418,12.6428,90.0,-0.17666955571777E+03
0.9518,12.6428,90.0,-0.17666905505089E+03
0.9618,12.6428,90.0,-0.17666837742263E+03
0.9718,12.6428,90.0,-0.17666753540674E+03
0.9818,12.6428,90.0,-0.17666654079089E+03
0.9918,12.6428,90.0,-0.17666540462918E+03
1.0018,12.6428,90.0,-0.17666413729068E+03
1.0118,12.6428,90.0,-0.17666274850454E+03
1.0218,12.6428,90.0,-0.17666124740143E+03
0.8218,14.6428,90.0,-0.17665577970851E+03
0.8318,14.6428,90.0,-0.17665876250010E+03
0.8418,14.6428,90.0,-0.17666132997369E+03
0.8518,14.6428,90.0,-0.17666351019962E+03
0.8618,14.6428,90.0,-0.17666532937643E+03
0.8718,14.6428,90.0,-0.17666681196470E+03
0.8818,14.6428,90.0,-0.17666798081098E+03
0.8918,14.6428,90.0,-0.17666885726239E+03
0.9018,14.6428,90.0,-0.17666946127279E+03
0.9118,14.6428,90.0,-0.17666981150093E+03
0.9218,14.6428,90.0,-0.17666992540129E+03
0.9318,14.6428,90.0,-0.17666981930814E+03
0.9418,14.6428,90.0,-0.17666950851318E+03
0.9518,14.6428,90.0,-0.17666900733740E+03
0.9618,14.6428,90.0,-0.17666832919755E+03
0.9718,14.6428,90.0,-0.17666748666748E+03
0.9818,14.6428,90.0,-0.17666649153494E+03
0.9918,14.6428,90.0,-0.17666535485417E+03
1.0018,14.6428,90.0,-0.17666408699433E+03
1.0118,14.6428,90.0,-0.17666269768468E+03
1.0218,14.6428,90.0,-0.17666119605601E+03
0.8218,16.6428,90.0,-0.17665576667626E+03
0.8318,16.6428,90.0,-0.17665874932049E+03
0.8418,16.6428,90.0,-0.17666131664547E+03
0.8518,16.6428,90.0,-0.17666349672160E+03
0.8618,16.6428,90.0,-0.17666531574741E+03
0.8718,16.6428,90.0,-0.17666679818355E+03
0.8818,16.6428,90.0,-0.17666796687657E+03
0.8918,16.6428,90.0,-0.17666884317365E+03
0.9018,16.6428,90.0,-0.17666944702867E+03
0.9118,16.6428,90.0,-0.17666979710041E+03
0.9218,16.6428,90.0,-0.17666991084339E+03
0.9318,16.6428,90.0,-0.17666980459190E+03
0.9418,16.6428,90.0,-0.17666949363767E+03
0.9518,16.6428,90.0,-0.17666899230176E+03
0.9618,16.6428,90.0,-0.17666831400091E+03
0.9718,16.6428,90.0,-0.17666747130902E+03
0.9818,16.6428,90.0,-0.17666647601389E+03
0.9918,16.6428,90.0,-0.17666533916977E+03
1.0018,16.6428,90.0,-0.17666407114585E+03
1.0118,16.6428,90.0,-0.17666268167145E+03
1.0218,16.6428,90.0,-0.17666117987738E+03
0.8218,18.6428,90.0,-0.17665575904831E+03
0.8318,18.6428,90.0,-0.17665874160745E+03
0.8418,18.6428,90.0,-0.17666130884664E+03
0.8518,18.6428,90.0,-0.17666348883631E+03
0.8618,18.6428,90.0,-0.17666530777503E+03
0.8718,18.6428,90.0,-0.17666679012343E+03
0.8818,18.6428,90.0,-0.17666795872810E+03
0.8918,18.6428,90.0,-0.17666883493624E+03
0.9018,18.6428,90.0,-0.17666943870174E+03
0.9118,18.6428,90.0,-0.17666978868341E+03
0.9218,18.6428,90.0,-0.17666990233579E+03
0.9318,18.6428,90.0,-0.17666979599317E+03
0.9418,18.6428,90.0,-0.17666948494733E+03
0.9518,18.6428,90.0,-0.17666898351933E+03
0.9618,18.6428,90.0,-0.17666830512593E+03
0.9718,18.6428,90.0,-0.17666746234105E+03
0.9818,18.6428,90.0,-0.17666646695252E+03
0.9918,18.6428,90.0,-0.17666533001459E+03
1.0018,18.6428,90.0,-0.17666406189650E+03
1.0118,18.6428,90.0,-0.17666267232756E+03
1.0218,18.6428,90.0,-0.17666117043862E+03
0.8218,20.6428,90.0,-0.17665575423171E+03
0.8318,20.6428,90.0,-0.17665873673810E+03
0.8418,20.6428,90.0,-0.17666130392414E+03
0.8518,20.6428,90.0,-0.17666348386024E+03
0.8618,20.6428,90.0,-0.17666530274501E+03
0.8718,20.6428,90.0,-0.17666678503908E+03
0.8818,20.6428,90.0,-0.17666795358906E+03
0.8918,20.6428,90.0,-0.17666882974215E+03
0.9018,20.6428,90.0,-0.17666943345227E+03
0.9118,20.6428,90.0,-0.17666978337822E+03
0.9218,20.6428,90.0,-0.17666989697457E+03
0.9318,20.6428,90.0,-0.17666979057562E+03
0.9418,20.6428,90.0,-0.17666947947316E+03
0.9518,20.6428,90.0,-0.17666897798825E+03
0.9618,20.6428,90.0,-0.17666829953769E+03
0.9718,20.6428,90.0,-0.17666745669540E+03
0.9818,20.6428,90.0,-0.17666646124920E+03
0.9918,20.6428,90.0,-0.17666532425339E+03
1.0018,20.6428,90.0,-0.17666405607719E+03
1.0118,20.6428,90.0,-0.17666266644994E+03
1.0218,20.6428,90.0,-0.17666116450250E+03
