2.1428,-25.0000,-0.010564283522001006,0.017900000000000027,0.2429299122724271,536.4547000000002
2.2428,-25.0000,-0.0008017968719968849,0.01750000000000007,0.21600792378077538,473.7343999999998
2.3428,-25.0000,0.005132630567999286,0.016300000000000092,0.18841618715215547,410.2152000000001
2.4428,-25.0000,0.008533657487987512,0.015000000000000013,0.1633053485520234,353.288
2.5428,-25.0000,0.010278043068012721,0.013600000000000056,0.1409584001509291,303.29050000000007
2.6428,-25.0000,0.010960645218005993,0.0122000000000001,0.12161116875766431,260.46550000000025
2.7428,-25.0000,0.010982938268000453,0.01090000000000002,0.10491463069521745,223.85429999999997
2.8428,-25.0000,0.010612018737987228,0.009600000000000053,0.0904537307801151,192.3656000000001
2.9428,-25.0000,0.010021692918002145,0.008600000000000052,0.07843599660409384,166.36259999999993
3.0428,-25.0000,0.009321818167990159,0.007600000000000051,0.06809734930666922,144.07220000000007
3.1428,-25.0000,0.008581267468002807,0.006700000000000039,0.05930572587491734,125.21039999999994
3.2428,-25.0000,0.007843082528012246,0.006000000000000005,0.05169323648712376,108.95710000000008
3.3428,-25.0000,0.007133960688008756,0.005300000000000082,0.04530704650504669,95.34040000000005
3.4428,-25.0000,0.0064696236879910884,0.0047000000000000375,0.03983586454108112,83.73050000000012
3.5428,-25.0000,0.0058581411580007625,0.0042000000000000925,0.03545891896990849,74.44759999999997
3.6428,-25.0000,0.005302326227990761,0.0037000000000000366,0.031232902556362574,65.50770000000011
3.8428,-25.0000,0.004353329477993384,0.0030000000000000027,0.02475238185076878,51.82639999999992
4.0428,-25.0000,0.003598501628005124,0.0022000000000000908,0.01844165644750506,38.56809999999996
4.2428,-25.0000,0.003002911767993055,0.0020000000000000018,0.016168286010753596,33.760699999999815
4.4428,-25.0000,0.0025314834680045806,0.0016000000000000458,0.013479860390529286,28.112500000000182
4.6428,-25.0000,0.002154591037992759,0.0014000000000000679,0.011508348269031354,23.977899999999863
4.8428,-25.0000,0.0018512214379882153,0.001100000000000101,0.009102914819356656,18.944400000000314
5.0428,-25.0000,0.0016041032679936507,0.0010000000000000009,0.007687953966606931,16.002800000000207
5.2428,-25.0000,0.0014009274680120143,0.0009000000000000119,0.006725780586737007,13.977899999999863
5.4428,-25.0000,0.0012314639780015568,0.0007000000000000339,0.005820205640977072,12.09649999999965
5.6428,-25.0000,0.0010885637879880505,0.0007000000000000339,0.005112725214602487,10.618000000000393
2.1428,-20.0000,-0.010307771741992156,0.018300000000000094,0.2534855202339401,559.4526999999998
2.2428,-20.0000,7.054662799532707e-05,0.019300000000000095,0.23968493538345437,528.9789999999998
2.3428,-20.0000,0.006278727338013823,0.01880000000000004,0.21637581360249036,475.2330000000002
2.4428,-20.0000,0.009762202828,0.017400000000000082,0.19016130553721344,415.04129999999986
2.5428,-20.0000,0.01148367259798988,0.015800000000000036,0.1654372229034996,358.9214000000002
2.6428,-20.0000,0.012087792648003415,0.014100000000000001,0.1425337232336572,307.51060000000007
2.7428,-20.0000,0.012005154247987093,0.012600000000000056,0.12279973587397408,263.7114999999999
2.8428,-20.0000,0.01152214688801223,0.011099999999999999,0.10564097726629573,225.95200000000023
2.9428,-20.0000,0.01082402636799884,0.009800000000000031,0.09084048674653322,193.61200000000008
3.0428,-20.0000,0.010026603007986523,0.008600000000000052,0.07826620130176398,166.2845000000002
3.1428,-20.0000,0.009200089218012408,0.007600000000000051,0.06773889255730592,143.5241000000001
3.2428,-20.0000,0.008386775037990901,0.006700000000000039,0.05882463918498271,124.35649999999987
3.3428,-20.0000,0.007611985267999444,0.005900000000000016,0.051344212810112255,108.34500000000025
3.4428,-20.0000,0.006890170268007978,0.005300000000000082,0.045052353551551794,94.91530000000012
3.5428,-20.0000,0.006228381527989768,0.0047000000000000375,0.03976983303461934,83.66370000000006
3.6428,-20.0000,0.005628596077997372,0.0042000000000000925,0.03506272993113846,73.67979999999989
3.8428,-20.0000,0.004607949627995822,0.0033000000000000806,0.027629468918026645,57.94230000000016
4.0428,-20.0000,0.0037990891179902064,0.0027000000000000357,0.022243184605226007,46.5637999999999
4.2428,-20.0000,0.0031645947279912434,0.0022000000000000908,0.01813979813225175,37.91390000000001
4.4428,-20.0000,0.00266393492799466,0.0018000000000000238,0.014640128289783894,30.566800000000057
4.6428,-20.0000,0.0022654952680056795,0.0015000000000000568,0.011961135741911155,24.94970000000012
4.8428,-20.0000,0.0019447823879943371,0.0012000000000000899,0.010046222054523213,20.924200000000383
5.0428,-20.0000,0.0016842465979891585,0.001100000000000101,0.008508631261201827,17.72280000000046
5.2428,-20.0000,0.0014699849479882232,0.0009000000000000119,0.007291764927837119,15.175900000000183
5.4428,-20.0000,0.0012913969979990725,0.0008000000000000229,0.0063201584756154006,13.136000000000422
5.6428,-20.0000,0.0011408400879986402,0.0007000000000000339,0.005518347325723982,11.460799999999836
2.1428,-17.5000,-0.010300736802008714,0.01770000000000005,0.24962739364210917,548.3779
2.2428,-17.5000,0.0004153852779893441,0.01980000000000004,0.24689180266012645,545.4769999999999
2.3428,-17.5000,0.006777067087995192,0.01970000000000005,0.22689368927459674,499.84990000000016
2.4428,-17.5000,0.010310643458012692,0.018400000000000083,0.20149985850391472,441.3886000000002
2.5428,-17.5000,0.012026412548010512,0.016800000000000037,0.17602113008206777,383.21900000000005
2.6428,-17.5000,0.012595382077989825,0.015100000000000002,0.15242901613055382,329.9751000000001
2.7428,-17.5000,0.012464463937988057,0.013400000000000079,0.1313178002075276,282.86180000000013
2.8428,-17.5000,0.011929391677995227,0.011800000000000033,0.11280067918120917,241.8996000000002
2.9428,-17.5000,0.011181324928003278,0.010300000000000087,0.09676445618337892,206.70609999999988
3.0428,-17.5000,0.010338936377991104,0.009099999999999997,0.08318083199698134,177.08249999999998
3.1428,-17.5000,0.00947324985799014,0.008000000000000007,0.07176681445146682,152.32850000000008
3.2428,-17.5000,0.008626078728013908,0.007000000000000006,0.06222997830393362,131.75199999999995
3.3428,-17.5000,0.007821922587993413,0.006200000000000094,0.05421186680501833,114.52829999999994
3.4428,-17.5000,0.007074406908003539,0.00550000000000006,0.04749551929063289,100.16949999999997
3.5428,-17.5000,0.006390373518001979,0.0049000000000000155,0.04179794359022737,88.02080000000024
3.6428,-17.5000,0.005771069778006677,0.0044000000000000705,0.03694934440147135,77.7159999999999
3.8428,-17.5000,0.004718862418002345,0.0035000000000000586,0.02901613055372121,60.888800000000174
4.0428,-17.5000,0.003887085267990642,0.0028000000000000247,0.023224224129799076,48.648299999999836
4.2428,-17.5000,0.003235027268004842,0.0022000000000000908,0.018403924158098217,38.492499999999836
4.4428,-17.5000,0.002721806658001924,0.0018000000000000238,0.015064616545608867,31.47420000000011
4.6428,-17.5000,0.0023136786379893692,0.0015000000000000568,0.012442222431846228,25.954600000000028
4.8428,-17.5000,0.0019855989480106473,0.0013000000000000789,0.010414111876237975,21.717899999999645
5.0428,-17.5000,0.0017191762779873443,0.001100000000000101,0.0088199226488066,18.368000000000393
5.2428,-17.5000,0.0014999173180001435,0.0009000000000000119,0.007763418545420064,16.149199999999837
5.4428,-17.5000,0.0013174896180032647,0.0008000000000000229,0.006508819922648734,13.530099999999948
5.6428,-17.5000,0.0011635619979983858,0.0007000000000000339,0.006216394679747328,12.919300000000476
2.1428,-15.0000,-0.010357960331987215,0.01660000000000006,0.2402697858692575,523.9733999999999
2.2428,-15.0000,0.0006966139679889238,0.020000000000000018,0.25057070087727573,553.3957
2.3428,-15.0000,0.007214230728010307,0.020400000000000085,0.23601547023865665,521.2384000000002
2.4428,-15.0000,0.010800570328001413,0.019400000000000084,0.21195170266955943,465.8164999999999
2.5428,-15.0000,0.012513576897987377,0.01770000000000005,0.18607678520894266,406.46450000000004
2.6428,-15.0000,0.013051402738000206,0.015900000000000025,0.16143760022639375,350.56420000000026
2.7428,-15.0000,0.012876535777991194,0.014100000000000001,0.1391189510423545,300.47260000000006
2.8428,-15.0000,0.012293959077993577,0.012400000000000078,0.11939439675502317,256.6473000000001
2.9428,-15.0000,0.01150024217798773,0.01090000000000002,0.10227337043675122,218.92579999999998
3.0428,-15.0000,0.010616897077994736,0.009500000000000064,0.08770870672578046,187.03740000000016
3.1428,-15.0000,0.009715670117998343,0.008400000000000074,0.07552117724742957,160.54239999999982
3.2428,-15.0000,0.008837925638005117,0.007300000000000084,0.06510706537119137,138.01510000000007
3.3428,-15.0000,0.008007281147996537,0.006300000000000083,0.05578718988774645,117.98700000000008
3.4428,-15.0000,0.007237163028008808,0.005800000000000027,0.04976888972738436,105.07319999999982
3.5428,-15.0000,0.006533089018006422,0.005099999999999993,0.04372229034996711,92.16060000000016
3.6428,-15.0000,0.0058965131080128685,0.0045000000000000595,0.038562399773606315,81.17270000000008
3.8428,-15.0000,0.004816374717989902,0.0036000000000000476,0.03032732761060264,63.67860000000019
4.0428,-15.0000,0.003963246738010184,0.0029000000000000137,0.02469578341665868,51.75910000000022
4.2428,-15.0000,0.0032969859979914418,0.0020000000000000018,0.017083294028865215,35.77530000000024
4.4428,-15.0000,0.002772956128012538,0.0019000000000000128,0.015574002452598767,32.54669999999987
4.6428,-15.0000,0.0023563417479977034,0.0016000000000000458,0.012970474483539274,27.062299999999595
4.8428,-15.0000,0.0020217493079996984,0.0013000000000000789,0.010998962362041231,22.92960000000039
5.0428,-15.0000,0.0017502204979962244,0.0012000000000000899,0.00929157626638999,19.36200000000008
5.2428,-15.0000,0.001526871558013454,0.0010000000000000009,0.007791717762475225,16.215299999999843
5.4428,-15.0000,0.0013406583180142206,0.0008000000000000229,0.00673521365908869,14.005500000000211
5.6428,-15.0000,0.0011837679280120028,0.0007000000000000339,0.005876804075087172,12.210399999999936
2.1428,-12.5000,-0.01045912240201119,0.015200000000000102,0.22729931138571835,491.1156000000001
2.2428,-12.5000,0.0009163308880033583,0.020000000000000018,0.25168380341477214,555.029
2.3428,-12.5000,0.007584017128010601,0.02100000000000002,0.2429865107065371,537.4949000000001
2.4428,-12.5000,0.011222426677989006,0.020100000000000007,0.22098858598245452,487.0455000000002
2.5428,-12.5000,0.012935037028000806,0.018500000000000072,0.19480237713423265,426.74090000000024
2.6428,-12.5000,0.013445974137994199,0.01660000000000006,0.16933308178473738,368.6853000000001
2.7428,-12.5000,0.01323259124799847,0.014800000000000035,0.14597679464201496,316.0389
2.8428,-12.5000,0.012608258938001882,0.013000000000000012,0.12522403546835192,269.73979999999983
2.9428,-12.5000,0.011774425428001223,0.011400000000000077,0.1071785680596169,229.83240000000023
3.0428,-12.5000,0.010855086788012613,0.00990000000000002,0.09176492783699652,196.01429999999982
3.1428,-12.5000,0.009922729618011772,0.008700000000000041,0.07874728799169894,167.62969999999996
3.2428,-12.5000,0.009018288278014097,0.007600000000000051,0.06808791623431731,144.51949999999988
3.3428,-12.5000,0.00816505516800703,0.006700000000000039,0.05910763135553254,125.15250000000015
3.4428,-12.5000,0.007374972088001641,0.005700000000000038,0.04987265352325243,105.38169999999991
3.5428,-12.5000,0.006653993228013633,0.005300000000000082,0.0454013772285633,95.77550000000019
3.6428,-12.5000,0.006002646967999681,0.0047000000000000375,0.03985473068578438,83.95839999999998
3.8428,-12.5000,0.0048990915580020555,0.0038000000000000256,0.031563060088670825,66.31910000000016
4.0428,-12.5000,0.004029956307988414,0.0030000000000000027,0.024648618054900484,51.696300000000065
4.2428,-12.5000,0.0033502937380092135,0.0024000000000000687,0.01968682199792471,41.2217999999998
4.4428,-12.5000,0.0028169053879878447,0.0020000000000000018,0.016045656070182157,33.533100000000104
4.6428,-12.5000,0.0023932935380059916,0.0016000000000000458,0.013215734364682485,27.596599999999853
4.8428,-12.5000,0.0020531600380024884,0.0014000000000000679,0.011036694651447965,23.030399999999645
5.0428,-12.5000,0.0017770609379965663,0.0012000000000000899,0.009367040845203345,19.513100000000122
5.2428,-12.5000,0.0015500146679983118,0.0010000000000000009,0.007980379209508337,16.623999999999796
5.4428,-12.5000,0.0013607431480124887,0.0009000000000000119,0.0069144420337704515,14.379500000000007
5.6428,-12.5000,0.001201203958004271,0.0008000000000000229,0.00604659937741725,12.570300000000316
2.1428,-10.0000,-0.010580434471989975,0.013700000000000045,0.2127346476747476,454.9638
2.2428,-10.0000,0.0010789955879886293,0.01970000000000005,0.25041977171964913,550.9320000000002
2.3428,-10.0000,0.007881723087990622,0.021300000000000097,0.24791057447410614,548.9005999999999
2.4428,-10.0000,0.011568077797988963,0.02070000000000005,0.22770493349683996,502.8289
2.5428,-10.0000,0.013281747218002238,0.019100000000000006,0.20188661447033296,443.27620000000024
2.6428,-10.0000,0.013770518717990399,0.017199999999999993,0.1758890670691443,383.80380000000014
2.7428,-10.0000,0.013524904168008334,0.015300000000000091,0.15163663805301386,328.94349999999986
2.8428,-10.0000,0.012865617328003509,0.013400000000000079,0.13007263465710794,280.67650000000003
2.9428,-10.0000,0.011998153977998527,0.011700000000000044,0.11120648995377802,238.83669999999984
3.0428,-10.0000,0.011048655578008493,0.010300000000000087,0.0951985661730026,203.61659999999983
3.1428,-10.0000,0.01009028050799543,0.009000000000000008,0.08158664276955008,173.86239999999998
3.2428,-10.0000,0.009163789107986986,0.007900000000000018,0.07049334968399201,149.7568000000001
3.3428,-10.0000,0.008291681368007175,0.006900000000000017,0.06118290727289877,129.66100000000006
3.4428,-10.0000,0.007485592208013259,0.006099999999999994,0.0533628902933686,112.83440000000019
3.5428,-10.0000,0.00675040386801129,0.005400000000000071,0.04659937741722475,98.3710000000001
3.6428,-10.0000,0.006087431527987519,0.0048000000000000265,0.041213093104424225,86.86979999999994
3.8428,-10.0000,0.004965306628008648,0.0038000000000000256,0.03202528063390242,67.32589999999982
4.0428,-10.0000,0.004082934328010879,0.0030000000000000027,0.025214602396000374,52.901200000000244
4.2428,-10.0000,0.0033939045979991533,0.0024000000000000687,0.020215074049617976,42.33379999999988
4.4428,-10.0000,0.002853161648005198,0.0020000000000000018,0.016432412036600286,34.35590000000002
4.6428,-10.0000,0.0024238963580103245,0.0017000000000000348,0.01355532496934242,28.3134
4.8428,-10.0000,0.0020790095080087667,0.0014000000000000679,0.011329119894349593,23.636199999999917
5.0428,-10.0000,0.0017994179380025344,0.0012000000000000899,0.009565135364588362,19.9390999999996
5.2428,-10.0000,0.0015692925879875474,0.0010000000000000009,0.008178473728893354,17.032000000000153
5.4428,-10.0000,0.001377432178003346,0.0009000000000000119,0.0070559381190454795,14.686499999999796
5.6428,-10.0000,0.0012157160379899778,0.0008000000000000229,0.006150363173285545,12.786399999999958
2.1428,-8.0000,-0.01067633427200576,0.012500000000000067,0.20106593717573806,426.4533000000001
2.2428,-8.0000,0.0011723583280058847,0.019400000000000084,0.24857088953872275,545.7364000000002
2.3428,-8.0000,0.008066368807988056,0.021400000000000086,0.25050466937081406,554.8148000000001
2.4428,-8.0000,0.011785580647995175,0.02100000000000002,0.23178002075275905,512.4335999999998
2.5428,-8.0000,0.013500584007999805,0.019500000000000073,0.20616922931798887,453.2979
2.6428,-8.0000,0.013975087087999327,0.01760000000000006,0.1798320913121404,392.9207000000001
2.7428,-8.0000,0.013708599548010625,0.015600000000000058,0.1551929063295916,337.07349999999997
2.8428,-8.0000,0.013026666428004319,0.013700000000000045,0.13316668238845386,287.68179999999984
2.9428,-8.0000,0.012137468437998677,0.01200000000000001,0.11385718328459571,244.7820999999999
3.0428,-8.0000,0.011168466057995374,0.010500000000000065,0.09750023582680878,208.71630000000005
3.1428,-8.0000,0.010193364087996315,0.009099999999999997,0.08343552495047635,177.94140000000016
3.2428,-8.0000,0.009252796578010702,0.008000000000000007,0.07201207433261003,153.09310000000005
3.3428,-8.0000,0.00836876763798955,0.007099999999999995,0.06238090746156022,132.26200000000017
3.4428,-8.0000,0.007552514448008196,0.006200000000000094,0.05424959909442506,114.77669999999989
3.5428,-8.0000,0.006809127458012654,0.00550000000000006,0.04766531459296297,100.66229999999996
3.6428,-8.0000,0.0061385023379898485,0.0049000000000000155,0.042260164135458966,89.10939999999982
3.8428,-8.0000,0.005005597657998351,0.0038000000000000256,0.032251674370342376,67.82970000000023
4.0428,-8.0000,0.0041156406880134,0.0031000000000001027,0.02564852372417692,53.83089999999993
4.2428,-8.0000,0.003421261077988902,0.0025000000000000577,0.020516932364871288,42.98419999999987
4.4428,-8.0000,0.002876385218002042,0.0020000000000000018,0.01667767191774361,34.889900000000125
4.6428,-8.0000,0.002443666017995838,0.0017000000000000348,0.01376285256107912,28.754300000000057
4.8428,-8.0000,0.0020961093480025283,0.0014000000000000679,0.011498915196679449,23.999300000000403
5.0428,-8.0000,0.0018139184780068263,0.0012000000000000899,0.009716064522214851,20.24619999999959
5.2428,-8.0000,0.0015817954379997445,0.0010000000000000009,0.008301103669465126,17.28819999999996
5.4428,-8.0000,0.0013882605180128849,0.0009000000000000119,0.007159701914913663,14.907199999999648
5.6428,-8.0000,0.0012251221779990829,0.0008000000000000229,0.006216394679747328,12.936300000000301
2.1428,-6.0000,-0.01075876596200942,0.011500000000000066,0.19107631355532495,402.27840000000015
2.2428,-6.0000,0.001237176607986612,0.019000000000000017,0.24603339307612493,539.0077000000001
2.3428,-6.0000,0.008203102957992314,0.021400000000000086,0.2518724648618055,557.8402000000001
2.4428,-6.0000,0.01194848249801339,0.021199999999999997,0.23447787944533538,518.7672000000002
2.5428,-6.0000,0.013664593497992428,0.01970000000000005,0.20915008018111492,460.27919999999995
2.6428,-6.0000,0.014127809498006627,0.017800000000000038,0.18269974530704658,399.56359999999995
2.7428,-6.0000,0.013844880118000447,0.015900000000000025,0.15776813508159615,342.9584
2.8428,-6.0000,0.01314522341800739,0.013900000000000023,0.13555324969342508,293.0702000000001
2.9428,-6.0000,0.012239158017990803,0.0122000000000001,0.11581926233374196,249.16879999999992
3.0428,-6.0000,0.011255115047987374,0.010600000000000054,0.09902839354777848,212.1329999999998
3.1428,-6.0000,0.010267199677997496,0.009300000000000086,0.08485991887557776,181.07850000000008
3.2428,-6.0000,0.009315972188005617,0.008099999999999996,0.073059145363645,155.4007999999999
3.3428,-6.0000,0.008423104688006333,0.007099999999999995,0.063258183190265,134.18780000000015
3.4428,-6.0000,0.007599521207993121,0.006300000000000083,0.05465522120554667,115.67380000000003
3.5428,-6.0000,0.0068495384579989604,0.005600000000000049,0.04865578718988772,102.80000000000018
3.6428,-6.0000,0.00617466755801388,0.0049000000000000155,0.04215640033959056,88.91490000000022
3.8428,-6.0000,0.005034101218001297,0.0039000000000000146,0.03294972172436561,69.30769999999984
4.0428,-6.0000,0.004139236557989534,0.0031000000000001027,0.025931515894726975,54.42450000000008
4.2428,-6.0000,0.00344185906800476,0.0025000000000000577,0.02073389302895956,43.440500000000156
4.4428,-6.0000,0.0028943386379864933,0.0020000000000000018,0.016904065654183675,35.36569999999983
4.6428,-6.0000,0.0024591347280136233,0.0017000000000000348,0.013932647863409087,29.101799999999912
4.8428,-6.0000,0.0021092734779983857,0.0014000000000000679,0.011555513630789549,24.10909999999967
5.0428,-6.0000,0.0018253024279886176,0.0012000000000000899,0.00982926139043483,20.481700000000274
5.2428,-6.0000,0.0015916162880103002,0.0010000000000000009,0.008386001320630054,17.46820000000025
5.4428,-6.0000,0.00139675559799457,0.0009000000000000119,0.007235166493727019,15.059900000000198
5.6428,-6.0000,0.0012325011680047737,0.0008000000000000229,0.006310725403263717,13.117299999999886
2.1428,-5.0000,-0.010791722201986431,0.01100000000000001,0.18652957268182246,391.3971999999999
2.2428,-5.0000,0.0012602010280033937,0.01880000000000004,0.24520328270917835,536.7633999999998
2.3428,-5.0000,0.00825378051800385,0.021400000000000086,0.2519573625129704,557.9058
2.4428,-5.0000,0.012009200978013723,0.021199999999999997,0.2352796905952269,520.6376
2.5428,-5.0000,0.013725518508010737,0.01980000000000004,0.21012168663333652,462.57130000000006
2.6428,-5.0000,0.014184070378007618,0.017900000000000027,0.1835487218186963,401.5482000000002
2.7428,-5.0000,0.013894602087987096,0.015900000000000025,0.15869257617205934,345.078
2.8428,-5.0000,0.01318800348801119,0.014000000000000012,0.1363078954815583,294.7966999999999
2.9428,-5.0000,0.012275339908001115,0.0122000000000001,0.1165173096877653,250.7557999999999
3.0428,-5.0000,0.011285515378006039,0.010700000000000043,0.09960381096123017,213.40520000000015
3.1428,-5.0000,0.01029272880799681,0.009300000000000086,0.08533157249316092,182.13790000000017
3.2428,-5.0000,0.009337537557996711,0.008200000000000096,0.0734176021130083,156.1936999999998
3.3428,-5.0000,0.008441438827986758,0.007200000000000095,0.06366380530138671,135.07510000000002
3.4428,-5.0000,0.007615360008003336,0.006300000000000083,0.05534383548721822,117.14100000000008
3.5428,-5.0000,0.006863693057994169,0.005600000000000049,0.04852372417696449,102.51319999999987
3.6428,-5.0000,0.00618664384799672,0.0049000000000000155,0.042288463352514016,89.19590000000017
3.8428,-5.0000,0.005043805167986193,0.0039000000000000146,0.03302518630317908,69.47960000000012
4.0428,-5.0000,0.004147867758007351,0.0031000000000001027,0.02603527969059527,54.639900000000125
4.2428,-5.0000,0.0034487518479977552,0.0025000000000000577,0.01998868031317802,41.8768
4.4428,-5.0000,0.002901245548002862,0.002100000000000102,0.016102254504292035,33.704499999999825
4.6428,-5.0000,0.0024641487580083776,0.0017000000000000348,0.013102537496462507,27.39409999999998
4.8428,-5.0000,0.0021145974079956886,0.0014000000000000679,0.011687576643712783,24.394400000000132
5.0428,-5.0000,0.0018296701279894023,0.0012000000000000899,0.00985756060748999,20.54569999999967
5.2428,-5.0000,0.001595494427988342,0.0010000000000000009,0.008423733610036788,17.54910000000018
5.4428,-5.0000,0.0014001095779860862,0.0009000000000000119,0.00726346571078218,15.118599999999788
5.6428,-5.0000,0.0012354175680115986,0.0008000000000000229,0.0063201584756154006,13.15059999999994
2.1428,-4.0000,-0.0108177374019931,0.010400000000000076,0.18181303650599,380.2662
2.2428,-4.0000,0.0012779694079938508,0.01860000000000006,0.24362795962645034,532.7867000000001
2.3428,-4.0000,0.008293021257998134,0.021300000000000097,0.2521082916705971,558.1907000000001
2.4428,-4.0000,0.01205601882799101,0.021199999999999997,0.23597773794925014,522.2539000000002
2.5428,-4.0000,0.013772169058000827,0.01980000000000004,0.21062163946797474,463.72170000000006
2.6428,-4.0000,0.014226726217998475,0.018000000000000016,0.18429393453447795,403.27469999999994
2.7428,-4.0000,0.013931749398011561,0.016000000000000014,0.15936232430902741,346.6208999999999
2.8428,-4.0000,0.013219457107993549,0.014100000000000001,0.1368644467503065,296.06860000000006
2.9428,-4.0000,0.012301464138005258,0.012300000000000089,0.1171210263182717,252.0990999999999
3.0428,-4.0000,0.011307037328009528,0.010700000000000043,0.10012262994057153,214.5643
3.1428,-4.0000,0.01031048335801188,0.009400000000000075,0.0857560607489859,183.07209999999986
3.2428,-4.0000,0.009352259227995319,0.008200000000000096,0.07380435807942654,157.04179999999997
3.3428,-4.0000,0.008453794477986776,0.007200000000000095,0.06389019903782656,135.5562
3.4428,-4.0000,0.007625830367999242,0.006300000000000083,0.05540043392132821,117.27160000000003
3.5428,-4.0000,0.006872673667999152,0.005600000000000049,0.04855202339401943,102.57810000000018
3.6428,-4.0000,0.0061945751180019215,0.0050000000000000044,0.04262805395717373,89.9106999999999
3.8428,-4.0000,0.005050196858007894,0.0039000000000000146,0.033176115460805566,69.78560000000016
4.0428,-4.0000,0.004154046167997194,0.0031000000000001027,0.026101311197056942,54.78229999999985
4.2428,-4.0000,0.0034554941279907325,0.0025000000000000577,0.020064144891991376,42.03810000000021
4.4428,-4.0000,0.002906457177999755,0.002100000000000102,0.016158852938401913,33.82380000000012
4.6428,-4.0000,0.0024702212180045535,0.0017000000000000348,0.014026978586925809,29.308599999999842
4.8428,-4.0000,0.0021188907280134117,0.0014000000000000679,0.011725308933119627,24.477200000000266
5.0428,-4.0000,0.0018334745180084155,0.0012000000000000899,0.009904725969248074,20.655499999999847
5.2428,-4.0000,0.0015986720680132294,0.0010000000000000009,0.00846146589944341,17.619800000000396
5.4428,-4.0000,0.0014028661479983384,0.0009000000000000119,0.007291764927837119,15.179199999999582
5.6428,-4.0000,0.001237809387987454,0.0008000000000000229,0.006348457692670562,13.198599999999715
2.1428,-3.0000,-0.010835707171992226,0.010200000000000098,0.1797849259503821,375.31150000000025
2.2428,-3.0000,0.001290741987986621,0.018400000000000083,0.24193000660315056,528.5673000000002
2.3428,-3.0000,0.008320989828007441,0.021199999999999997,0.2517026695594755,557.1082000000001
2.4428,-3.0000,0.012089098318000424,0.021199999999999997,0.23573247806810682,521.6269000000002
2.5428,-3.0000,0.013804463358013663,0.01980000000000004,0.21086689934911795,464.3013000000001
2.6428,-3.0000,0.014255501948014171,0.018000000000000016,0.1845769267050279,403.933
2.7428,-3.0000,0.01395609779800111,0.016000000000000014,0.15960758419017063,347.1912000000002
2.8428,-3.0000,0.013239358788013078,0.014100000000000001,0.13695877747382323,296.2975000000001
2.9428,-3.0000,0.012317356557986159,0.012300000000000089,0.11700782945005195,251.87159999999994
3.0428,-3.0000,0.01131957891800539,0.010700000000000043,0.09981133855296676,213.91580000000022
3.1428,-3.0000,0.010320387798003594,0.009400000000000075,0.08595415526837091,183.51630000000023
3.2428,-3.0000,0.009360098477998235,0.008200000000000096,0.07398358645410796,157.42680000000018
3.3428,-3.0000,0.00846005749801293,0.007200000000000095,0.0639750966889916,135.75149999999985
3.4428,-3.0000,0.0076309735879931395,0.006400000000000072,0.05561739458541659,117.74189999999999
3.5428,-3.0000,0.006877069447995154,0.005600000000000049,0.04871238562399782,102.9349000000002
3.6428,-3.0000,0.006198415498005261,0.0050000000000000044,0.042562022450712056,89.78870000000006
3.8428,-3.0000,0.005053929468004981,0.0039000000000000146,0.03319498160550893,69.8393000000001
4.0428,-3.0000,0.00415794531801339,0.0031000000000001027,0.02612961041411188,54.846500000000106
4.2428,-3.0000,0.0034601038479991075,0.0025000000000000577,0.02011131025374968,42.14919999999984
4.4428,-3.0000,0.0029114433280028607,0.002100000000000102,0.017064427884161848,35.70119999999997
4.6428,-3.0000,0.0024741067880142964,0.0017000000000000348,0.014093010093387481,29.4371000000001
4.8428,-3.0000,0.0021222152080042633,0.0013000000000000789,0.01111215923026132,23.201000000000022
5.0428,-3.0000,0.001836336068009814,0.0012000000000000899,0.009433072351665017,19.671000000000276
5.2428,-3.0000,0.0016011575679897305,0.0010000000000000009,0.008470898971795093,17.65350000000035
5.4428,-3.0000,0.0014050126079894198,0.0009000000000000119,0.0073106310725402635,15.221099999999751
5.6428,-3.0000,0.0012396755579970886,0.0008000000000000229,0.006357890765022245,13.22440000000006
2.1428,-2.0000,-0.01084494344200948,0.00990000000000002,0.17670031129138764,368.1068
2.2428,-2.0000,0.0012991233280104098,0.018199999999999994,0.24111876238090735,526.5158000000001
2.3428,-2.0000,0.008337844218004875,0.02100000000000002,0.2504292047920008,553.9805000000001
2.4428,-2.0000,0.01210821153799202,0.021100000000000008,0.23494009999056686,519.7191000000003
2.5428,-2.0000,0.013822248238000157,0.01980000000000004,0.21082916705971133,464.1974
2.6428,-2.0000,0.014270412477998207,0.018000000000000016,0.1847750212244127,404.39940000000024
2.7428,-2.0000,0.013967642608008646,0.016000000000000014,0.1598339779266107,347.72080000000005
2.8428,-2.0000,0.013247775407990048,0.014100000000000001,0.13721347042731824,296.8706000000002
2.9428,-2.0000,0.012323107887993956,0.012300000000000089,0.11729082162060178,252.51780000000008
3.0428,-2.0000,0.01132317472800537,0.010700000000000043,0.10020752759173657,214.77120000000014
3.1428,-2.0000,0.010322309657993856,0.009400000000000075,0.08595415526837091,183.5322000000001
3.2428,-2.0000,0.009360768698002175,0.008099999999999996,0.07319120837656823,155.74260000000004
3.3428,-2.0000,0.00846020567800565,0.007200000000000095,0.06401282897839822,135.84760000000006
3.4428,-2.0000,0.007630391817997406,0.006400000000000072,0.0558154891048015,118.16850000000022
3.5428,-2.0000,0.00687672982800791,0.005600000000000049,0.04834449580228273,102.15830000000005
3.6428,-2.0000,0.006198158867988468,0.0050000000000000044,0.042703518535987195,90.08510000000024
3.8428,-2.0000,0.005054434518001472,0.0039000000000000146,0.03318554853315725,69.8085000000001
4.0428,-2.0000,0.004157955748013364,0.0031000000000001027,0.025271200830110363,53.04140000000007
4.2428,-2.0000,0.003463100028000099,0.0025000000000000577,0.0209131214036411,43.81489999999985
4.4428,-2.0000,0.0029145796580110073,0.002100000000000102,0.01707386095651353,35.71289999999999
4.6428,-2.0000,0.0024768846880078854,0.0017000000000000348,0.014111876238090848,29.49420000000009
4.8428,-2.0000,0.0021246288079908027,0.0014000000000000679,0.011791340439581188,24.617699999999786
5.0428,-2.0000,0.0018384177880079733,0.0012000000000000899,0.009942458258654807,20.720800000000054
5.2428,-2.0000,0.0016029332579989841,0.0010000000000000009,0.008499198188850143,17.695200000000114
5.4428,-2.0000,0.0014065475180018439,0.0009000000000000119,0.007329497217243519,15.252599999999802
5.6428,-2.0000,0.001241006018005919,0.0008000000000000229,0.006367323837373817,13.249799999999595
2.1428,-1.0000,-0.010845041231988262,0.009600000000000053,0.1745873030846148,363.1749
2.2428,-1.0000,0.0013034521880115335,0.018000000000000016,0.23947740779171778,522.5497
2.3428,-1.0000,0.008343790157994135,0.02090000000000003,0.24985378737854913,552.5731000000001
2.4428,-1.0000,0.012113568687993848,0.02100000000000002,0.23450617866239032,518.6660999999999
2.5428,-1.0000,0.013825573778007083,0.01980000000000004,0.21048014338269982,463.36850000000004
2.6428,-1.0000,0.014271171047994358,0.018000000000000016,0.18463352513913778,404.0778
2.7428,-1.0000,0.013966095888008567,0.016000000000000014,0.15976794642014924,347.57079999999996
2.8428,-1.0000,0.013244376218011666,0.014000000000000012,0.1369776436185267,296.35159999999996
2.9428,-1.0000,0.01231836878798731,0.0122000000000001,0.11665880577304022,251.14030000000002
3.0428,-1.0000,0.011317564477991482,0.010700000000000043,0.10031129138760497,215.0236
3.1428,-1.0000,0.010316218458001458,0.009300000000000086,0.08555796622960088,182.6633999999999
3.2428,-1.0000,0.009354751237992787,0.008200000000000096,0.07399301952645987,157.45740000000023
3.3428,-1.0000,0.008454200468008821,0.007200000000000095,0.06396566361664002,135.73550000000023
3.4428,-1.0000,0.007625131717986733,0.006400000000000072,0.05561739458541659,117.7518
3.5428,-1.0000,0.006871674498000857,0.005600000000000049,0.04874068484105276,102.99940000000015
3.6428,-1.0000,0.006193806258011136,0.0050000000000000044,0.042580888595415534,89.82610000000022
3.8428,-1.0000,0.005051805438000656,0.0039000000000000146,0.03314781624375063,69.74519999999984
4.0428,-1.0000,0.004158540068004868,0.0031000000000001027,0.025271200830110363,53.05709999999999
4.2428,-1.0000,0.0034646571280063654,0.0025000000000000577,0.020903688331289416,43.79289999999992
4.4428,-1.0000,0.0029164415880131855,0.002100000000000102,0.017083294028865215,35.75030000000015
4.6428,-1.0000,0.0024785529780047,0.0017000000000000348,0.014130742382794104,29.536099999999806
4.8428,-1.0000,0.0021260682379988793,0.0014000000000000679,0.011810206584284444,24.646099999999933
5.0428,-1.0000,0.001839661338010501,0.0012000000000000899,0.009970757475709746,20.778699999999844
5.2428,-1.0000,0.0016040000980126479,0.0010000000000000009,0.008508631261201827,17.723299999999654
5.4428,-1.0000,0.001407471297994789,0.0009000000000000119,0.0073389302895953135,15.26890000000003
5.6428,-1.0000,0.0012418090580013086,0.0008000000000000229,0.006376756909725501,13.268699999999626
2.1428,0.0000,-0.01083571829198604,0.009400000000000075,0.17305914536364486,359.6745000000001
2.2428,0.0000,0.0013037193980096617,0.017800000000000038,0.2379398169983964,518.8584000000001
2.3428,0.0000,0.008338778797991608,0.02080000000000004,0.24887274785397606,550.1781000000001
2.4428,0.0000,0.01210489154800598,0.02090000000000003,0.2337986982360154,516.9603000000002
2.5428,0.0000,0.013814145748000328,0.01970000000000005,0.20984812753513815,461.8969000000002
2.6428,0.0000,0.014257750057993235,0.017900000000000027,0.18404867465333452,402.71079999999984
2.7428,0.0000,0.0139514887979999,0.015900000000000025,0.15923969436845575,346.3773000000001
2.8428,0.0000,0.013229237877993683,0.014000000000000012,0.13648712385624007,295.24900000000025
2.9428,0.0000,0.01230320869800039,0.012300000000000089,0.11710216017356845,252.10030000000006
3.0428,0.0000,0.011302762367989772,0.010700000000000043,0.0999339684935382,214.18910000000005
3.1428,0.0000,0.010301929918000496,0.009300000000000086,0.08520894255258948,181.91330000000016
3.2428,0.0000,0.009341537007998113,0.008200000000000096,0.07387982265823967,157.2193000000002
3.3428,0.0000,0.008442037717998119,0.007200000000000095,0.06384303367606814,135.48720000000003
3.4428,0.0000,0.007614113658007682,0.006300000000000083,0.05553249693425155,117.57279999999992
3.5428,0.0000,0.006861883537993663,0.005600000000000049,0.04850485803226112,102.5028000000002
3.6428,0.0000,0.0061853221579895035,0.0050000000000000044,0.04255258937836037,89.76450000000023
3.8428,0.0000,0.005046090368011846,0.0039000000000000146,0.033015753230827394,69.45879999999988
4.0428,0.0000,0.004156601017996309,0.0031000000000001027,0.02600698047354011,54.59619999999995
4.2428,0.0000,0.003465110418005679,0.0025000000000000577,0.020894255258937733,43.77430000000004
4.4428,0.0000,0.0029170635280024726,0.002100000000000102,0.017092727101216787,35.765100000000075
4.6428,0.0000,0.002479109917999267,0.0017000000000000348,0.014140175455145787,29.54359999999997
4.8428,0.0000,0.0021265468080002847,0.0014000000000000679,0.011810206584284444,24.646700000000237
5.0428,0.0000,0.0018400735380055266,0.0012000000000000899,0.009970757475709746,20.790600000000268
5.2428,0.0000,0.0016042890680125765,0.0010000000000000009,0.008489765116498571,17.686899999999696
5.4428,0.0000,0.0014077788680140202,0.0009000000000000119,0.0073389302895953135,15.275800000000345
5.6428,0.0000,0.0012420772079906328,0.0008000000000000229,0.006376756909725501,13.272299999999632
2.1428,1.0000,-0.010817014242007872,0.009300000000000086,0.1720781058390718,357.4958999999999
2.2428,1.0000,0.0012999284479917605,0.01760000000000006,0.23652485614564656,515.5203000000001
2.3428,1.0000,0.00832271955800934,0.02070000000000005,0.2474672200735779,546.8069
2.4428,1.0000,0.012082192717997486,0.02080000000000004,0.23270446184322235,514.3452000000002
2.5428,1.0000,0.013787894497994557,0.019600000000000062,0.20895198566173012,459.76940000000013
2.6428,1.0000,0.01423005794799792,0.017800000000000038,0.18325629657579467,400.8732
2.7428,1.0000,0.0139236790479913,0.015900000000000025,0.1584944816526742,344.68020000000024
2.8428,1.0000,0.013202242218000038,0.014000000000000012,0.13631732855391,294.8580000000002
2.9428,1.0000,0.012277555607994373,0.0122000000000001,0.11658334119422697,250.95249999999987
3.0428,1.0000,0.011278709598002479,0.010600000000000054,0.09946231487595503,213.15660000000025
3.1428,1.0000,0.010279975428005628,0.009300000000000086,0.08548250165078752,182.5063
3.2428,1.0000,0.009321264947999452,0.008200000000000096,0.073625129704745,156.66510000000017
3.3428,1.0000,0.008423684678007248,0.007200000000000095,0.06371097066314513,135.18899999999985
3.4428,1.0000,0.007597703547986612,0.006300000000000083,0.05532496934251485,117.13520000000017
3.5428,1.0000,0.006847391377988288,0.005600000000000049,0.048335062729931155,102.13410000000022
3.6428,1.0000,0.006172744657988005,0.0049000000000000155,0.04242995943778893,89.4956000000002
3.8428,1.0000,0.005037404697986858,0.0039000000000000146,0.03294028865201404,69.29440000000022
4.0428,1.0000,0.004159104017986692,0.0031000000000001027,0.026091878124705148,54.76389999999992
4.2428,1.0000,0.0034646569679921413,0.0025000000000000577,0.020903688331289416,43.796200000000226
4.4428,1.0000,0.0029164418079972165,0.002100000000000102,0.017083294028865215,35.745800000000145
4.6428,1.0000,0.0024785539079914543,0.0017000000000000348,0.014130742382794104,29.530499999999847
4.8428,1.0000,0.0021260678880139494,0.0014000000000000679,0.011800773511932983,24.636900000000423
5.0428,1.0000,0.0018396616279972022,0.0012000000000000899,0.009961324403358174,20.778599999999642
5.2428,1.0000,0.0016039993579965994,0.0010000000000000009,0.008508631261201827,17.724699999999757
5.4428,1.0000,0.0014074691079883905,0.0009000000000000119,0.007329497217243519,15.257800000000316
5.6428,1.0000,0.001241740168012484,0.0008000000000000229,0.006376756909725501,13.271600000000035
2.1428,2.0000,-0.010789212281991922,0.009099999999999997,0.171568719932082,356.4657000000002
2.2428,2.0000,0.001292153377988825,0.017400000000000082,0.2352325252334685,512.5227
2.3428,2.0000,0.008295433628006776,0.020500000000000074,0.24592019620790495,543.1107000000002
2.4428,2.0000,0.012045296337987565,0.020600000000000063,0.23121403641165927,510.79219999999987
2.5428,2.0000,0.013746876797995355,0.019400000000000084,0.2075841901707387,456.57389999999987
2.6428,2.0000,0.014187974478005572,0.01770000000000005,0.1821714932553532,398.3697000000002
2.7428,2.0000,0.013882597287988574,0.015800000000000036,0.15752287520045272,342.46669999999995
2.8428,2.0000,0.013163414297991949,0.013900000000000023,0.13551551740401835,293.05520000000024
2.9428,2.0000,0.012241421248006645,0.0121,0.11589472691255542,249.4103
3.0428,2.0000,0.01124562462800327,0.010600000000000054,0.09921705499481182,212.596
3.1428,2.0000,0.01024978191799164,0.009300000000000086,0.08502971417790783,181.51420000000007
3.2428,2.0000,0.009293984428012436,0.008099999999999996,0.07317234223186497,155.67340000000013
3.3428,2.0000,0.008399220758008141,0.007099999999999995,0.06330534855202341,134.31820000000016
3.4428,2.0000,0.007575842227993235,0.006300000000000083,0.05488161494198662,116.18280000000004
3.5428,2.0000,0.006828219448010486,0.005600000000000049,0.04808980284878783,101.60879999999997
3.6428,2.0000,0.006156105397991496,0.0049000000000000155,0.042203565701348866,89.01549999999997
3.8428,2.0000,0.005025762558005908,0.0039000000000000146,0.03277992642203564,68.94480000000021
4.0428,2.0000,0.004159608317991115,0.0031000000000001027,0.02612961041411188,54.85120000000006
4.2428,2.0000,0.003463098498002637,0.0025000000000000577,0.0209131214036411,43.81750000000011
4.4428,2.0000,0.0029145697479862065,0.002100000000000102,0.017054994811810276,35.67750000000024
4.6428,2.0000,0.0024768873580001127,0.0017000000000000348,0.014111876238090848,29.493199999999888
4.8428,2.0000,0.00212462678800307,0.0014000000000000679,0.011819639656636127,24.670600000000377
5.0428,2.0000,0.0018384250479925868,0.0012000000000000899,0.009961324403358174,20.75969999999961
5.2428,2.0000,0.0016029315279979528,0.0010000000000000009,0.008499198188850143,17.701200000000426
5.4428,2.0000,0.0014065481379930134,0.0009000000000000119,0.007329497217243519,15.253399999999601
5.6428,2.0000,0.0012409128379999856,0.0008000000000000229,0.006376756909725501,13.255400000000009
2.1428,3.0000,-0.010752881542003934,0.009099999999999997,0.17171021601735692,356.99839999999995
2.2428,3.0000,0.0012796744379954816,0.017199999999999993,0.23361003678898218,508.7971000000002
2.3428,3.0000,0.008256930598008694,0.020199999999999996,0.24350532968587857,537.3697999999999
2.4428,3.0000,0.01199419441800842,0.020400000000000085,0.22898783133666623,505.5104000000001
2.5428,3.0000,0.01369094211798938,0.019199999999999995,0.20561267804924055,451.93110000000024
2.6428,3.0000,0.014131846518012026,0.01750000000000007,0.18057730402792183,394.6876000000002
2.7428,3.0000,0.013828621107990102,0.015700000000000047,0.15653240260352808,340.19540000000006
2.8428,3.0000,0.013112795218006568,0.013800000000000034,0.13450617866239023,290.78470000000016
2.9428,3.0000,0.012194955348007852,0.0121,0.11518724648618062,247.83390000000009
3.0428,3.0000,0.011203344607991994,0.010500000000000065,0.09851900764078869,211.05079999999998
3.1428,3.0000,0.010211611018007716,0.009200000000000097,0.08443543061975278,180.20800000000008
3.2428,3.0000,0.00925972331799585,0.008099999999999996,0.07268182246957822,154.60910000000013
3.3428,3.0000,0.008368639948002965,0.007099999999999995,0.06274879728327509,133.11009999999987
3.4428,3.0000,0.0075488099579956724,0.006300000000000083,0.05472125271200845,115.81550000000016
3.5428,3.0000,0.00680434285800402,0.00550000000000006,0.047825676822941365,101.02440000000024
3.6428,3.0000,0.00613545625799361,0.0049000000000000155,0.041958305820205655,88.48329999999987
3.8428,3.0000,0.00501132407799787,0.0039000000000000146,0.03256296575794726,68.48489999999993
4.0428,3.0000,0.004157727827987401,0.0032000000000000917,0.026110744269408626,54.802200000000084
4.2428,3.0000,0.003460168608000913,0.0025000000000000577,0.020903688331289416,43.80009999999993
4.4428,3.0000,0.0029114521879876065,0.002100000000000102,0.017045561739458592,35.657900000000154
4.6428,3.0000,0.0024741077679948376,0.0017000000000000348,0.014093010093387481,29.446699999999964
4.8428,3.0000,0.0021222364379980263,0.0014000000000000679,0.011772474294877822,24.561399999999594
5.0428,3.0000,0.0018362596080123694,0.0012000000000000899,0.009923592113951551,20.69459999999981
5.2428,3.0000,0.0016011583680040076,0.0010000000000000009,0.008480332044146666,17.65899999999965
5.4428,3.0000,0.001405011698011549,0.0009000000000000119,0.007320064144891836,15.232600000000275
5.6428,3.0000,0.0012396727879888658,0.0008000000000000229,0.006348457692670562,13.21309999999994
2.1428,4.0000,-0.010708858881997685,0.009099999999999997,0.1722667672861049,358.5680000000002
2.2428,4.0000,0.0012622062079969965,0.017100000000000004,0.23224224129799076,505.70029999999997
2.3428,4.0000,0.008206783047995714,0.020000000000000018,0.24138288840675415,532.3519999999999
2.4428,4.0000,0.011928785897993066,0.020199999999999996,0.22683709084048675,500.4200000000001
2.5428,4.0000,0.013620250517988097,0.019000000000000017,0.20373549665125934,447.55139999999983
2.6428,4.0000,0.014061380788007227,0.017400000000000082,0.17893594943873214,390.90300000000025
2.7428,4.0000,0.013761398377994283,0.01550000000000007,0.1551268748231298,336.98950000000013
2.8428,4.0000,0.013050542387986752,0.013700000000000045,0.13331761154608068,288.1097
2.9428,4.0000,0.01213812566800243,0.01200000000000001,0.1141779077445525,245.57299999999987
3.0428,4.0000,0.011152019787999734,0.010500000000000065,0.09767946420149043,209.19740000000002
3.1428,4.0000,0.010165540298004316,0.009099999999999997,0.08370908404867472,178.60210000000006
3.2428,4.0000,0.009218556257991395,0.008000000000000007,0.07207810583907182,153.29199999999992
3.3428,4.0000,0.00833203458799403,0.007000000000000006,0.0623337420998018,132.21939999999995
3.4428,4.0000,0.00751645363800435,0.006200000000000094,0.054287331383831794,114.87800000000016
3.5428,4.0000,0.006776021517993058,0.00550000000000006,0.04742948778417133,100.17900000000009
3.6428,4.0000,0.00611084834798703,0.0049000000000000155,0.0416375813602492,87.79570000000012
3.8428,4.0000,0.004994490888009295,0.0038000000000000256,0.032100745212715776,67.4973
4.0428,4.0000,0.004154044697997961,0.0031000000000001027,0.026091878124705148,54.77629999999999
4.2428,4.0000,0.0034555691080129236,0.0025000000000000577,0.02085652296953122,43.70550000000003
4.4428,4.0000,0.002907054218013627,0.002100000000000102,0.016998396377700176,35.5630000000001
4.6428,4.0000,0.002470206147989984,0.0017000000000000348,0.014045844731629065,29.35550000000012
4.8428,4.0000,0.002118890677991203,0.0014000000000000679,0.01173474200547131,24.488800000000083
5.0428,4.0000,0.0018334892380096335,0.0012000000000000899,0.009904725969248074,20.656299999999646
5.2428,4.0000,0.001598667797992448,0.0010000000000000009,0.008499198188850143,17.710799999999836
5.4428,4.0000,0.001402864847989349,0.0009000000000000119,0.00730119800018858,15.187399999999798
5.6428,4.0000,0.0012378047379968393,0.0008000000000000229,0.006386189982077184,13.283500000000458
2.1428,5.0000,-0.010658022211998741,0.009099999999999997,0.17329497217243672,361.27030000000013
2.2428,5.0000,0.0012391895280075005,0.016900000000000026,0.2306952174323177,502.2386999999999
2.3428,5.0000,0.008144833968003695,0.01970000000000005,0.23891142345061778,526.5340000000001
2.4428,5.0000,0.011849020558003076,0.01990000000000003,0.2242052636543722,494.2321999999999
2.5428,5.0000,0.013534770707991584,0.01880000000000004,0.20136779549099137,442.0230999999999
2.6428,5.0000,0.013976878848012575,0.017199999999999993,0.17678520894255245,385.93809999999985
2.7428,5.0000,0.013681510698006605,0.015300000000000091,0.15315536270163188,332.5055000000002
2.8428,5.0000,0.01297674321799036,0.013500000000000068,0.13174228846335256,284.55470000000014
2.9428,5.0000,0.012071121107993577,0.011800000000000033,0.11286671068767096,242.65329999999994
3.0428,5.0000,0.011091744937999692,0.010400000000000076,0.09669842467691714,207.04329999999982
3.1428,5.0000,0.01011166186799528,0.009099999999999997,0.08292613904348645,176.89199999999983
3.2428,5.0000,0.009170578327996282,0.007900000000000018,0.07135175926799353,151.7168999999999
3.3428,5.0000,0.008289437888009843,0.007000000000000006,0.061796056975757074,131.04570000000012
3.4428,5.0000,0.007478892817999849,0.006200000000000094,0.05377794547684167,113.79460000000017
3.5428,5.0000,0.006743120208000164,0.005400000000000071,0.0469861333836431,99.23720000000003
3.6428,5.0000,0.0060822545879943846,0.0048000000000000265,0.0414677860579189,87.4378999999999
3.8428,5.0000,0.005043798857997217,0.0039000000000000146,0.033053485520234016,69.53099999999995
4.0428,5.0000,0.004147816058008402,0.0031000000000001027,0.026025846618243365,54.63430000000017
4.2428,5.0000,0.0034496166180133514,0.0025000000000000577,0.0208187906801246,43.61459999999988
4.4428,5.0000,0.0029013572479925642,0.002100000000000102,0.016941797943590298,35.44239999999991
4.6428,5.0000,0.002465228888013371,0.0017000000000000348,0.013998679369870648,29.247800000000097
4.8428,5.0000,0.0021145964680044926,0.0014000000000000679,0.011687576643712783,24.39509999999973
5.0428,5.0000,0.0018297967779972169,0.0012000000000000899,0.009866993679841674,20.575700000000325
5.2428,5.0000,0.0015954949680008212,0.0010000000000000009,0.008423733610036788,17.546900000000278
5.4428,5.0000,0.0014001115679889153,0.0009000000000000119,0.00726346571078218,15.112600000000384
5.6428,5.0000,0.0012354185980143484,0.0008000000000000229,0.0063201584756154006,13.153199999999742
2.1428,6.0000,-0.010601720392003244,0.009200000000000097,0.17484199603810946,365.21799999999985
2.2428,6.0000,0.0012101294879869329,0.016700000000000048,0.22914819356664473,498.8292999999999
2.3428,6.0000,0.008070961807987942,0.019500000000000073,0.2362041316856901,520.1905000000002
2.4428,6.0000,0.011754886758012617,0.019600000000000062,0.22122441279124605,487.2066
2.5428,6.0000,0.013434561198010897,0.018500000000000072,0.19888689746250365,436.2238000000002
2.6428,6.0000,0.01387845439799662,0.016900000000000026,0.17437034242052651,380.3663999999999
2.7428,6.0000,0.013588761698002827,0.015100000000000002,0.15114611829072744,327.93409999999994
2.8428,6.0000,0.01289154297799655,0.013400000000000079,0.13004433544005278,280.7314000000001
2.9428,6.0000,0.011994073137998384,0.011700000000000044,0.11145174983492123,239.49519999999984
3.0428,6.0000,0.011022724107988324,0.010200000000000098,0.09541552683709087,204.1930000000002
3.1428,6.0000,0.010050082958002804,0.009000000000000008,0.08202056409772662,174.90779999999995
3.2428,6.0000,0.009115858368005547,0.007800000000000029,0.07054051504575043,149.94930000000022
3.3428,6.0000,0.008241028838000375,0.006900000000000017,0.06116404112819551,129.6806999999999
3.4428,6.0000,0.007436219828008461,0.006099999999999994,0.053193094991038525,112.52779999999984
3.5428,6.0000,0.006705811328004074,0.005400000000000071,0.04647674747665309,98.13459999999986
3.6428,6.0000,0.006050140648000024,0.0048000000000000265,0.04072257334213758,85.8411000000001
3.8428,6.0000,0.005034097828001904,0.0039000000000000146,0.03292142250731056,69.24659999999994
4.0428,6.0000,0.0041393988580011865,0.0031000000000001027,0.025903216677671925,54.35789999999997
4.2428,6.0000,0.0034418510180103112,0.0025000000000000577,0.02073389302895956,43.43470000000025
4.4428,6.0000,0.0028943509180123783,0.0020000000000000018,0.016875766437128514,35.29449999999997
4.6428,6.0000,0.00245912024800532,0.0017000000000000348,0.013923214791057514,29.097400000000107
4.8428,6.0000,0.0021093625979915487,0.0014000000000000679,0.011640411281954366,24.282799999999952
5.0428,6.0000,0.001825302627992187,0.0012000000000000899,0.00982926139043483,20.481300000000374
5.2428,6.0000,0.0015914206979914525,0.0010000000000000009,0.008301103669465126,17.282400000000052
5.4428,6.0000,0.0013967564379981923,0.0009000000000000119,0.007235166493727019,15.0608000000002
5.6428,6.0000,0.0012325009080029758,0.0008000000000000229,0.006291859258560462,13.095400000000154
2.1428,8.0000,-0.01047805175198846,0.009400000000000075,0.17857749268936884,374.78330000000005
2.2428,8.0000,0.0011310900480054897,0.01640000000000008,0.2260447127629468,492.0762
2.3428,8.0000,0.00788668529798997,0.01880000000000004,0.22991227242712953,505.46100000000024
2.4428,8.0000,0.011524503517989615,0.019000000000000017,0.21459296292802565,471.6386000000002
2.5428,8.0000,0.01319146792801007,0.017900000000000027,0.1924818413357231,421.3153000000002
2.6428,8.0000,0.013640820207996285,0.01640000000000008,0.1689180266012641,367.8366000000001
2.7428,8.0000,0.013366102848010541,0.014700000000000046,0.14635411753608152,317.03470000000016
2.8428,8.0000,0.012687981207989196,0.013000000000000012,0.12599754740118863,271.63610000000017
2.9428,8.0000,0.011810748208006316,0.011400000000000077,0.10807470993302515,231.98000000000002
3.0428,8.0000,0.010859024437991138,0.010000000000000009,0.09263277049334973,198.0619999999999
3.1428,8.0000,0.009904590797987112,0.008700000000000041,0.0795302329968871,169.43809999999985
3.2428,8.0000,0.008986925047992145,0.00770000000000004,0.06862560135836249,145.77739999999994
3.3428,8.0000,0.008127115748010283,0.006700000000000039,0.059503820394302354,126.07630000000017
3.4428,8.0000,0.007336055027991506,0.005900000000000016,0.05174983492123386,109.41379999999981
3.5428,8.0000,0.00661835031800706,0.005300000000000082,0.045118385058013355,95.22069999999985
3.6428,8.0000,0.0059751377280008455,0.0047000000000000375,0.03931704556173932,82.83530000000019
3.8428,8.0000,0.005005596807990287,0.0039000000000000146,0.03252523346854075,68.40880000000016
4.0428,8.0000,0.004115632967994998,0.0031000000000001027,0.02564852372417692,53.81240000000025
4.2428,8.0000,0.0034212617379978383,0.0025000000000000577,0.020516932364871288,42.98500000000013
4.4428,8.0000,0.0028763827079956172,0.0020000000000000018,0.016687104990095403,34.9058
4.6428,8.0000,0.0024427951180143737,0.0017000000000000348,0.013696821054617558,28.60849999999982
4.8428,8.0000,0.0020961101579928254,0.0014000000000000679,0.011498915196679449,24.0012999999999
5.0428,8.0000,0.0018139174379996348,0.0012000000000000899,0.009716064522214851,20.24290000000019
5.2428,8.0000,0.0015817971280114307,0.0010000000000000009,0.008301103669465126,17.280099999999948
5.4428,8.0000,0.0013881213079969257,0.0009000000000000119,0.0071691349872653465,14.91740000000027
5.6428,8.0000,0.0012251226280000083,0.0008000000000000229,0.0062352608244503616,12.958300000000236
2.1428,10.0000,-0.010350060972001529,0.009700000000000042,0.18301103669465146,386.1959999999999
2.2428,10.0000,0.0010200915880034245,0.015900000000000025,0.22173379869823595,482.6165000000001
2.3428,10.0000,0.007653090437997889,0.018100000000000005,0.2226299405716442,488.5156000000002
2.4428,10.0000,0.011238537467988863,0.018199999999999994,0.20674464673144044,453.30999999999995
2.5428,10.0000,0.012892899007994174,0.017199999999999993,0.18495424959909434,403.8854000000001
2.6428,10.0000,0.013351072808006847,0.015700000000000047,0.16223941137628528,352.52840000000015
2.7428,10.0000,0.013095892147987342,0.014100000000000001,0.14071314026978587,304.2527
2.8428,10.0000,0.012442004147999342,0.012500000000000067,0.12124327893594944,260.96669999999995
2.9428,10.0000,0.011590082587986217,0.01100000000000001,0.1040184888218092,222.9641999999999
3.0428,10.0000,0.010662620438012027,0.009600000000000053,0.08925573059145364,190.60620000000017
3.1428,10.0000,0.009730483518012534,0.008400000000000074,0.07676634279784922,163.39719999999988
3.2428,10.0000,0.008832935778002593,0.007400000000000073,0.06591830959343459,139.9068000000002
3.3428,10.0000,0.007991072428012558,0.006500000000000061,0.057060654655221255,120.80839999999989
3.4428,10.0000,0.0072170253679928464,0.005800000000000027,0.05019337798320922,106.04890000000023
3.5428,10.0000,0.006515149058003544,0.005099999999999993,0.0439203848693519,92.63920000000007
3.6428,10.0000,0.006087432367991141,0.0048000000000000265,0.04105273087444561,86.5299
3.8428,10.0000,0.004965310578000981,0.0038000000000000256,0.032006414489199164,67.2786000000001
4.0428,10.0000,0.004082867547992919,0.0030000000000000027,0.025271200830110363,53.01350000000002
4.2428,10.0000,0.0033939082080109984,0.0024000000000000687,0.020215074049617976,42.32920000000013
4.4428,10.0000,0.002853131058003555,0.0020000000000000018,0.016432412036600286,34.36079999999993
4.6428,10.0000,0.002423896687986371,0.0017000000000000348,0.013564758041694103,28.32380000000012
4.8428,10.0000,0.002079126307990009,0.0014000000000000679,0.011366852183756437,23.707000000000335
5.0428,10.0000,0.0017994116479940203,0.0012000000000000899,0.009574568436939934,19.95550000000003
5.2428,10.0000,0.0015692749879860912,0.0010000000000000009,0.008178473728893354,17.022100000000137
5.4428,10.0000,0.001377434688009771,0.0009000000000000119,0.007065371191397163,14.69250000000011
5.6428,10.0000,0.0012157163980077712,0.0008000000000000229,0.006150363173285545,12.785899999999856
2.1428,12.5000,-0.010203487861986105,0.010000000000000009,0.18802943118573723,399.5340000000001
2.2428,12.5000,0.0008288975679988653,0.015300000000000091,0.21547023865673043,468.8206
2.3428,12.5000,0.00729167909798889,0.017100000000000004,0.21218752947835118,464.3238000000001
2.4428,12.5000,0.010806464557987283,0.017100000000000004,0.19545325912649758,427.0817000000002
2.5428,12.5000,0.012446398228007638,0.016100000000000003,0.1742194132628998,379.1395000000002
2.6428,12.5000,0.012920331868002677,0.014800000000000035,0.15269314215640017,330.7573000000002
2.7428,12.5000,0.012695990667992874,0.01330000000000009,0.13246863503443074,285.6444999999999
2.8428,12.5000,0.012079228628010696,0.011800000000000033,0.11421564003395912,245.2727
2.9428,12.5000,0.011265473038008622,0.010400000000000076,0.09818885010848022,210.05459999999994
3.0428,12.5000,0.01037434583798813,0.009099999999999997,0.08441656447504953,179.95339999999987
3.1428,12.5000,0.009475368538005569,0.008000000000000007,0.07253089331195173,154.14670000000024
3.2428,12.5000,0.00860786954800119,0.007099999999999995,0.06301292330912178,133.57090000000017
3.3428,12.5000,0.007793457237994517,0.006200000000000094,0.05474955192906339,115.79410000000007
3.4428,12.5000,0.007044221287998198,0.00550000000000006,0.047618149231204665,100.52080000000024
3.5428,12.5000,0.006653985738012125,0.005300000000000082,0.04530704650504669,95.57169999999996
3.6428,12.5000,0.006002640658010705,0.0047000000000000375,0.039873596830487745,83.98219999999992
3.8428,12.5000,0.004899096938004277,0.0037000000000000366,0.031138571832845963,65.43339999999989
4.0428,12.5000,0.0040297434080116545,0.0030000000000000027,0.0245825865484387,51.55380000000014
4.2428,12.5000,0.0033503079179979522,0.0024000000000000687,0.019705688142628186,41.26119999999992
4.4428,12.5000,0.0028169054779993985,0.0020000000000000018,0.016045656070182157,33.54919999999993
4.6428,12.5000,0.0023932945279909745,0.0016000000000000458,0.013244033581737646,27.652500000000146
4.8428,12.5000,0.002053156388001298,0.0014000000000000679,0.011064993868502904,23.085000000000036
5.0428,12.5000,0.0017770457480139612,0.0012000000000000899,0.009357607772851662,19.49369999999999
5.2428,12.5000,0.0015500110579864668,0.0010000000000000009,0.007999245354211815,16.651300000000447
5.4428,12.5000,0.0013607431579885088,0.0009000000000000119,0.0069144420337704515,14.377400000000307
5.6428,12.5000,0.0012011968480010182,0.0008000000000000229,0.006018300160362089,12.505699999999706
2.1428,15.0000,-0.010094598642012897,0.010300000000000087,0.19139703801528163,409.2233000000001
2.2428,15.0000,0.0005729515079906378,0.014600000000000057,0.20766908782190363,451.52530000000024
2.3428,15.0000,0.006855157097987785,0.016000000000000014,0.19990566927648334,435.9947000000002
2.4428,15.0000,0.010297451447996764,0.015900000000000025,0.1824827846429582,397.15599999999995
2.5428,15.0000,0.01192567910800335,0.015000000000000013,0.16220167908687844,351.6372000000001
2.6428,15.0000,0.012420699817994318,0.013800000000000034,0.14204320347137056,306.62379999999985
2.7428,15.0000,0.012233738227990898,0.012400000000000078,0.12328082256390893,265.01839999999993
2.8428,15.0000,0.01166100271800019,0.01100000000000001,0.10654655221205533,228.1889000000001
2.9428,15.0000,0.010892000408006197,0.009800000000000031,0.09180266012640315,195.94790000000012
3.0428,15.0000,0.010043147168005362,0.008600000000000052,0.07905857937930372,168.21799999999985
3.1428,15.0000,0.009182743138012484,0.007600000000000051,0.06819168003018583,144.6941999999999
3.2428,15.0000,0.008350041498005112,0.006700000000000039,0.059267993585510714,125.45170000000007
3.3428,15.0000,0.007567509658002791,0.005900000000000016,0.051636638053013884,109.06820000000016
3.4428,15.0000,0.007237170948002358,0.005700000000000038,0.049702858220922574,104.9407000000001
3.5428,15.0000,0.006533123698005738,0.005099999999999993,0.04363739269880185,91.99130000000014
3.6428,15.0000,0.005896512237995921,0.0045000000000000595,0.038449202905386115,80.92909999999983
3.8428,15.0000,0.004816213487998766,0.0036000000000000476,0.030100933874162683,63.2186999999999
4.0428,15.0000,0.003964349948006429,0.0029000000000000137,0.023856239977360527,50.009500000000116
4.2428,15.0000,0.003297262437996551,0.0023000000000000798,0.0191302707291765,40.0286000000001
4.4428,15.0000,0.002772845887989206,0.0019000000000000128,0.015555136307895512,32.5005000000001
4.6428,15.0000,0.0023564251980019435,0.0016000000000000458,0.012810112253561101,26.748099999999795
4.8428,15.0000,0.002021843198008355,0.0013000000000000789,0.010753702480897909,22.423499999999876
5.0428,15.0000,0.001750219277994347,0.001100000000000101,0.009074615602301717,18.91150000000016
5.2428,15.0000,0.0015268717380081398,0.0010000000000000009,0.007791717762475225,16.211699999999837
5.4428,15.0000,0.0013406707880108115,0.0008000000000000229,0.006725780586737007,13.998700000000099
5.6428,15.0000,0.0011837685680120558,0.0007000000000000339,0.005876804075087172,12.211100000000442
2.1428,20.0000,-0.010066236862002143,0.010099999999999998,0.18797283275162713,404.87040000000025
2.2428,20.0000,-0.00014396680199979528,0.012600000000000056,0.18500141496085276,400.5246000000002
2.3428,20.0000,0.005777696217990069,0.013400000000000079,0.17101216866333357,369.91899999999987
2.4428,20.0000,0.009082816838002827,0.0132000000000001,0.15357985095745685,331.25840000000017
2.5428,20.0000,0.010699803948000408,0.012500000000000067,0.13571361192340348,291.7013000000002
2.6428,20.0000,0.011252147277986069,0.011500000000000066,0.11869634940099982,254.24940000000015
2.7428,20.0000,0.011156642157999386,0.010400000000000076,0.10324497688897272,220.45119999999997
2.8428,20.0000,0.010688524177993486,0.009400000000000075,0.08951985661730044,190.59230000000025
2.9428,20.0000,0.010024645458003079,0.008400000000000074,0.07767191774360915,164.93740000000025
3.0428,20.0000,0.009274664638013519,0.007400000000000073,0.06702197905857932,141.96100000000024
3.1428,20.0000,0.008504930237990038,0.00660000000000005,0.058315253277992696,123.26000000000022
3.2428,20.0000,0.00838676097799862,0.006700000000000039,0.05884350532968585,124.40740000000005
3.3428,20.0000,0.007611986998000475,0.005900000000000016,0.05139137817187045,108.44579999999996
3.4428,20.0000,0.006890191927993783,0.005300000000000082,0.045090085840958416,94.99400000000014
3.5428,20.0000,0.006228365857992912,0.0047000000000000375,0.039732100745212606,83.59180000000015
3.6428,20.0000,0.005628593687987404,0.0042000000000000925,0.035053296858786887,73.66769999999997
3.8428,20.0000,0.00460794657800534,0.0033000000000000806,0.02759173662861991,57.85429999999997
4.0428,20.0000,0.0037996335080094923,0.0027000000000000357,0.021950759362324268,45.96129999999994
4.2428,20.0000,0.003164579177990845,0.0022000000000000908,0.017687010659371616,36.98199999999997
4.4428,20.0000,0.0026637747579911775,0.0018000000000000238,0.014404301480992365,30.067399999999907
4.6428,20.0000,0.0022654915779867224,0.0015000000000000568,0.011970568814262839,24.962400000000343
4.8428,20.0000,0.001944797398010678,0.0012000000000000899,0.010027355909819846,20.901600000000144
5.0428,20.0000,0.0016842468380104947,0.001100000000000101,0.008499198188850143,17.697699999999713
5.2428,20.0000,0.0014699846379926385,0.0009000000000000119,0.007291764927837119,15.167500000000473
5.4428,20.0000,0.0012913973679928858,0.0008000000000000229,0.006310725403263717,13.126199999999699
5.6428,20.0000,0.0011408378979922418,0.0007000000000000339,0.005518347325723982,11.468300000000454
2.1428,25.0000,-0.010353727601994933,0.00880000000000003,0.1684463729836807,362.4888000000001
2.2428,25.0000,-0.0011153853419898496,0.010099999999999998,0.15456089048203003,332.0300000000002
2.3428,25.0000,0.0044835412280122,0.010500000000000065,0.13843033676068295,296.5104000000001
2.4428,25.0000,0.007675662597989685,0.010400000000000076,0.12261107442694097,261.8433
2.5428,25.0000,0.009299933128005478,0.00990000000000002,0.1078388831242334,229.6581000000001
2.6428,25.0000,0.009926115168013894,0.009200000000000097,0.09450995189133093,200.76990000000023
2.7428,25.0000,0.009937755137997328,0.008400000000000074,0.08271861145174975,175.34990000000016
2.8428,25.0000,0.009588870107990033,0.00770000000000004,0.0720309404773134,152.3773000000001
2.9428,25.0000,0.009043884838007443,0.006900000000000017,0.06295632487501168,132.9378999999999
3.0428,25.0000,0.009321713157987688,0.007600000000000051,0.06779549099141591,143.42830000000004
3.1428,25.0000,0.008581256668009019,0.006700000000000039,0.05907933213847738,124.74119999999994
3.2428,25.0000,0.00784308027800762,0.005900000000000016,0.05158947269125547,108.72920000000022
3.3428,25.0000,0.007133959718004235,0.005300000000000082,0.04529761343269523,95.31970000000001
3.4428,25.0000,0.006469611108002482,0.0047000000000000375,0.03992076219224616,83.89760000000024
3.5428,25.0000,0.005858135428013611,0.0042000000000000925,0.03523252523346854,73.95749999999998
3.6428,25.0000,0.0053023196279866625,0.0037000000000000366,0.031204603339307524,65.44120000000021
3.8428,25.0000,0.004353342147993544,0.0030000000000000027,0.02469578341665868,51.71100000000024
4.0428,25.0000,0.003598544477995347,0.0024000000000000687,0.019771719649089525,41.32529999999997
4.2428,25.0000,0.0030029292180131506,0.0020000000000000018,0.01599849070842374,33.402000000000044
4.4428,25.0000,0.0025315291979950416,0.0016000000000000458,0.013121403641165874,27.373199999999997
4.6428,25.0000,0.002154834817986284,0.0014000000000000679,0.010725403263843192,22.358100000000377
4.8428,25.0000,0.0018512190779915727,0.0012000000000000899,0.009178379398170011,19.11080000000038
5.0428,25.0000,0.001604075047993092,0.0010000000000000009,0.007782284690123542,16.196600000000217
5.2428,25.0000,0.0014008404779985995,0.0008000000000000229,0.00673521365908869,13.998999999999796
5.4428,25.0000,0.00123147838800719,0.0007000000000000339,0.005829638713328977,12.107299999999668
