2.2497,-25.0000,-0.005118708790007531,-0.0031999999999999806,0.010970663144986181,18.91399999999976
2.3497,-25.0000,-0.00030289891000734315,-0.0005999999999999339,0.020271672483727854,39.45080000000007
2.4497,-25.0000,0.0025459057600016877,0.001100000000000101,0.025478728421847063,51.24270000000024
2.5497,-25.0000,0.00412716012999681,0.002100000000000102,0.027921894160928162,56.9996000000001
2.6497,-25.0000,0.004905273679980837,0.0026000000000000467,0.02857277615319298,58.80189999999993
2.7497,-25.0000,0.005182955630004926,0.0029000000000000137,0.02815772096971969,58.245800000000145
2.8497,-25.0000,0.005155024649980078,0.0034000000000000696,0.029921705499481255,62.14080000000013
2.9497,-25.0000,0.004948254129999441,0.0033000000000000806,0.028223752476181474,58.72980000000007
3.0497,-25.0000,0.004645331799991936,0.0032000000000000917,0.02636543722290352,54.94450000000006
3.1497,-25.0000,0.004300286649993268,0.0027000000000000357,0.022384680690500924,46.677000000000135
3.2497,-25.0000,0.003946693919999689,0.0025000000000000577,0.020516932364871288,42.798699999999826
3.3497,-25.0000,0.0036046888099861008,0.0025000000000000577,0.020507499292519604,42.78800000000001
3.4497,-25.0000,0.0032859629500023857,0.002100000000000102,0.01695123101594187,35.358600000000024
3.5497,-25.0000,0.0029968153799870834,0.0019000000000000128,0.015243844920290517,31.790300000000116
3.6497,-25.0000,0.0033145173599962163,0.0023000000000000798,0.018460522592208317,38.552599999999984
3.7497,-25.0000,0.0030041691899782563,0.0019000000000000128,0.01543250636732385,32.229699999999866
3.9497,-25.0000,0.002486817239997663,0.0017000000000000348,0.013394962739364247,27.939699999999903
4.1497,-25.0000,0.0020841734599912343,0.0014000000000000679,0.010914064710876303,22.741699999999582
4.3497,-25.0000,0.0017675039799769365,0.001100000000000101,0.009008584095840155,18.754799999999705
4.5497,-25.0000,0.0015146754900001724,0.0010000000000000009,0.007565324026035269,15.738999999999578
4.7497,-25.0000,0.001311036380002406,0.0008000000000000229,0.006216394679747328,12.935300000000097
4.9497,-25.0000,0.00114546499997914,0.0007000000000000339,0.005433449674558943,11.296199999999772
5.1497,-25.0000,0.001008791529983455,0.0006000000000000449,0.004754268465239075,9.862500000000182
5.3497,-25.0000,0.0008941353999887269,0.000500000000000056,0.004178851051787613,8.67529999999988
5.5497,-25.0000,0.000796759959996507,0.000500000000000056,0.0037071974342042235,7.6853000000000975
5.7497,-25.0000,0.0007133837799813136,0.00040000000000006697,0.0033015753230826173,6.847399999999652
2.2497,-20.0000,-0.005308102040004314,-0.0033999999999999586,0.015008018111498989,26.037199999999757
2.3497,-20.0000,-5.441199999722812e-05,-0.00019999999999997797,0.028582209225544664,56.21169999999984
2.4497,-20.0000,0.0030259644399848185,0.0017000000000000348,0.03525139137817179,71.47400000000016
2.5497,-20.0000,0.004711397709996845,0.0028000000000000247,0.03767569097254986,77.42970000000014
2.6497,-20.0000,0.005519223839996812,0.0037000000000000366,0.03982643146872933,82.5304000000001
2.7497,-20.0000,0.005786698880001495,0.0039000000000000146,0.037902084708989814,78.81050000000005
2.8497,-20.0000,0.005728430039994237,0.0039000000000000146,0.03554381662107353,74.06539999999995
2.9497,-20.0000,0.005480978110000478,0.0038000000000000256,0.03309121780964053,69.05909999999994
3.0497,-20.0000,0.005132718369992517,0.0036000000000000476,0.03060088670880101,63.93740000000025
3.1497,-20.0000,0.004741092009993508,0.0033000000000000806,0.028082256390906557,58.708300000000236
3.2497,-20.0000,0.004342178089984827,0.0029000000000000137,0.024525988114328823,51.27779999999984
3.3497,-20.0000,0.0039571441099894855,0.0027000000000000357,0.02222431846052264,46.45960000000014
3.4497,-20.0000,0.003597712769987993,0.0024000000000000687,0.02008301103669463,41.98070000000007
3.5497,-20.0000,0.0032698518799918475,0.0022000000000000908,0.018120931987548383,37.86880000000019
3.6497,-20.0000,0.002976241809989233,0.0020000000000000018,0.016319215168380308,34.085399999999936
3.7497,-20.0000,0.0031252960699816867,0.0022000000000000908,0.018092632770493333,37.822799999999916
3.9497,-20.0000,0.0025827535799862744,0.0018000000000000238,0.014574096783322332,30.43600000000015
4.1497,-20.0000,0.00216174948999992,0.0015000000000000568,0.0118290727289877,24.6882999999998
4.3497,-20.0000,0.001832507909995229,0.0012000000000000899,0.009734930666918218,20.284899999999652
4.5497,-20.0000,0.0015709281999818359,0.0010000000000000009,0.00813130836713527,16.93239999999969
4.7497,-20.0000,0.0013606475999949907,0.0009000000000000119,0.006876709744363607,14.313600000000406
4.9497,-20.0000,0.0011895881099803773,0.0007000000000000339,0.005876804075087172,12.215000000000146
5.1497,-20.0000,0.001048202530000708,0.0006000000000000449,0.005103292142250693,10.60530000000017
5.3497,-20.0000,0.0009294743899772584,0.0006000000000000449,0.004480709367040925,9.298200000000179
5.5497,-20.0000,0.0008285341299938409,0.000500000000000056,0.0039618903876993405,8.218300000000454
5.7497,-20.0000,0.0007419876899916744,0.00040000000000006697,0.00351853598717089,7.309100000000399
2.2497,-17.5000,-0.005420749540007819,-0.0035999999999999366,0.01608338835958878,27.544600000000173
2.3497,-17.5000,5.284093998625394e-05,-9.999999999998899e-05,0.032515800396189065,64.09029999999984
2.4497,-17.5000,0.0032484227400004784,0.0024000000000000687,0.04292991227242726,87.50239999999985
2.5497,-17.5000,0.004985309120002057,0.0035000000000000586,0.0447976605980569,92.43470000000025
2.6497,-17.5000,0.005807523059985442,0.0040999999999999925,0.043835487218186864,91.03949999999986
2.7497,-17.5000,0.006069505879992221,0.0042000000000000925,0.041458352985567326,86.39989999999989
2.8497,-17.5000,0.005996292359981226,0.0042000000000000925,0.03860013206301294,80.58440000000019
2.9497,-17.5000,0.005729583049998155,0.0040000000000000036,0.035704178851051704,74.62829999999985
3.0497,-17.5000,0.005360195989993599,0.0038000000000000256,0.03286482407320068,68.7527
3.1497,-17.5000,0.004947008299978961,0.0035000000000000586,0.030063201584756172,62.914000000000215
3.2497,-17.5000,0.004527053120000346,0.0031000000000001027,0.026506933308178438,55.472999999999956
3.3497,-17.5000,0.004122061389978171,0.0029000000000000137,0.023960003773229044,50.13999999999987
3.4497,-17.5000,0.0037439229799929308,0.0026000000000000467,0.021611168757664334,45.2157000000002
3.5497,-17.5000,0.0033985557399773825,0.0024000000000000687,0.019479294406188008,40.73030000000017
3.6497,-17.5000,0.0030884038199872066,0.002100000000000102,0.017536081501745127,36.6545000000001
3.7497,-17.5000,0.00281401686999061,0.0019000000000000128,0.015772096971983784,32.947599999999966
3.9497,-17.5000,0.0026233770799990452,0.0018000000000000238,0.015111781907367283,31.57250000000022
4.1497,-17.5000,0.002194501670004456,0.0015000000000000568,0.012234694840109417,25.548099999999977
4.3497,-17.5000,0.001859956339984592,0.0012000000000000899,0.010055655126874785,20.963800000000447
4.5497,-17.5000,0.001594870179985719,0.0010000000000000009,0.008386001320630054,17.465699999999742
4.7497,-17.5000,0.0013820210199924077,0.0009000000000000119,0.0070842373361004185,14.750500000000102
4.9497,-17.5000,0.0012087905499811313,0.0008000000000000229,0.006065465522120506,12.607600000000275
5.1497,-17.5000,0.0010654683700010992,0.0007000000000000339,0.005263654372229087,10.93249999999989
5.3497,-17.5000,0.000944990479979424,0.0006000000000000449,0.0046127723799641585,9.57759999999962
5.5497,-17.5000,0.0008424835599782909,0.000500000000000056,0.0040750872559193185,8.458999999999833
5.7497,-17.5000,0.0007545304899849725,0.000500000000000056,0.0036222997830394066,7.518100000000231
2.2497,-15.0000,-0.005536678449999499,-0.0033999999999999586,0.01950759362324317,33.87310000000025
2.3497,-15.0000,0.00014988398999093988,0.00040000000000006697,0.03854353362890306,76.39789999999994
2.4497,-15.0000,0.003456790239994234,0.0027000000000000357,0.04680690500896145,95.54570000000012
2.5497,-15.0000,0.005242911339990997,0.0038000000000000256,0.04903311008395428,101.39109999999982
2.6497,-15.0000,0.006078541189992848,0.0044000000000000705,0.04788227525705124,99.66480000000001
2.7497,-15.0000,0.0063349754899775235,0.0045000000000000595,0.045061786623903366,94.08840000000009
2.8497,-15.0000,0.006247299020003538,0.0045000000000000595,0.0416753136496556,87.1585
2.9497,-15.0000,0.00596228214999428,0.0043000000000000815,0.03831713989246288,80.19430000000011
3.0497,-15.0000,0.005573033600001054,0.0040000000000000036,0.035109895292896875,73.51670000000013
3.1497,-15.0000,0.005139670709979782,0.0037000000000000366,0.032006414489199164,67.04219999999987
3.2497,-15.0000,0.004700049669992268,0.0034000000000000696,0.02901613055372121,60.77880000000005
3.3497,-15.0000,0.004276454479992253,0.0030000000000000027,0.025629657579473664,53.67500000000018
3.4497,-15.0000,0.003880905389991085,0.0028000000000000247,0.023073294972172365,48.3130000000001
3.5497,-15.0000,0.0035193341699937264,0.0025000000000000577,0.0207621922460145,43.45659999999998
3.6497,-15.0000,0.0031940607299816293,0.0023000000000000798,0.01867748325629659,39.06880000000001
3.7497,-15.0000,0.0029052591600020605,0.0020000000000000018,0.016790868785963475,35.11110000000008
3.9497,-15.0000,0.0026578908399983447,0.0019000000000000128,0.015602301669653706,32.61419999999998
4.1497,-15.0000,0.0022223455199821274,0.0015000000000000568,0.012612017734176084,26.33129999999983
4.3497,-15.0000,0.001883414629986646,0.0013000000000000789,0.010338647297424619,21.56800000000021
4.5497,-15.0000,0.0016155611199906161,0.0010000000000000009,0.008499198188850143,17.711199999999735
4.7497,-15.0000,0.0014007538499924976,0.0009000000000000119,0.007272898783133752,15.132599999999911
4.9497,-15.0000,0.0012258208899993406,0.0008000000000000229,0.0062258277520989,12.951000000000022
5.1497,-15.0000,0.0010808604799876775,0.0007000000000000339,0.005405150457504004,11.227700000000368
5.3497,-15.0000,0.000958846359992549,0.0006000000000000449,0.004744835392887281,9.856700000000274
5.5497,-15.0000,0.0008549333099949763,0.000500000000000056,0.0041882841241392965,8.695700000000215
5.7497,-15.0000,0.0007657130699953996,0.000500000000000056,0.003716630506555907,7.7181000000000495
2.2497,-12.5000,-0.005646726180003725,-0.0036999999999999256,0.018252995000471728,30.48640000000023
2.3497,-12.5000,0.0002389938999840524,0.000500000000000056,0.04098669936798427,81.1822000000002
2.4497,-12.5000,0.0036492583300002934,0.0029000000000000137,0.05066503160079239,103.5897
2.5497,-12.5000,0.005480991079991782,0.0042000000000000925,0.053221394208093686,110.26740000000018
2.6497,-12.5000,0.006328839159976951,0.0047000000000000375,0.05187246486180552,108.17810000000009
2.7497,-12.5000,0.006579769129984925,0.0048000000000000265,0.04859918875577762,101.66519999999991
2.8497,-12.5000,0.006478331620002109,0.0047000000000000375,0.04469389680218838,93.61580000000004
2.9497,-12.5000,0.006176156979989855,0.0045000000000000595,0.040854636355060814,85.6215000000002
3.0497,-12.5000,0.005768494729977647,0.0042000000000000925,0.03726063578907657,78.11740000000009
3.1497,-12.5000,0.005316535220003971,0.0039000000000000146,0.033855296670125434,70.99429999999984
3.2497,-12.5000,0.00485886117999712,0.0036000000000000476,0.03061975285350438,64.19340000000011
3.3497,-12.5000,0.0044181852899782825,0.0032000000000000917,0.027186114517498416,56.98019999999997
3.4497,-12.5000,0.004006718089982542,0.0029000000000000137,0.024441090463163784,51.197400000000016
3.5497,-12.5000,0.0036303755099993396,0.0026000000000000467,0.02196019243467595,45.98770000000013
3.6497,-12.5000,0.0032914156499828096,0.0024000000000000687,0.019733987359683125,41.30189999999993
3.7497,-12.5000,0.002989863229998946,0.0022000000000000908,0.01772474294877846,37.08570000000009
3.9497,-12.5000,0.0026854596600003333,0.0019000000000000128,0.01599849070842374,33.466199999999844
4.1497,-12.5000,0.0022447065299786573,0.0016000000000000458,0.012923309121780857,27.001100000000406
4.3497,-12.5000,0.001902479509993782,0.0013000000000000789,0.010583907178568053,22.08259999999973
4.5497,-12.5000,0.0016327263099924494,0.001100000000000101,0.008574662767663499,17.86790000000019
4.7497,-12.5000,0.0014166598199949476,0.0009000000000000119,0.0074238279407603525,15.447400000000016
4.9497,-12.5000,0.0012405083299995567,0.0008000000000000229,0.006367323837373817,13.240700000000288
5.1497,-12.5000,0.0010942245599778744,0.0007000000000000339,0.005527780398075666,11.481800000000476
5.3497,-12.5000,0.0009708846699822971,0.0006000000000000449,0.004848599188755798,10.076500000000124
5.5497,-12.5000,0.0008657480999829659,0.000500000000000056,0.004282614847655908,8.885699999999815
5.7497,-12.5000,0.0007754123300003357,0.000500000000000056,0.003801528157720946,7.884799999999814
2.2497,-10.0000,-0.005741523370005552,-0.0038999999999999035,0.017536081501745127,28.25109999999995
2.3497,-10.0000,0.0003226028299820882,0.0006000000000000449,0.04357136119234051,86.30769999999984
2.4497,-10.0000,0.003824884629977987,0.0031000000000001027,0.05447599283086502,111.55650000000014
2.5497,-10.0000,0.005696932319978032,0.0045000000000000595,0.05725874917460616,118.85390000000007
2.6497,-10.0000,0.006555257559995198,0.0050000000000000044,0.05568342609187804,116.33039999999983
2.7497,-10.0000,0.006800753199996734,0.005099999999999993,0.051976228657673595,108.89240000000018
2.8497,-10.0000,0.006686469649991977,0.0050000000000000044,0.047561550797094565,99.75630000000001
2.9497,-10.0000,0.006368503579977869,0.0047000000000000375,0.04325063673238372,90.7510000000002
3.0497,-10.0000,0.005944069829979526,0.0044000000000000705,0.039279313272332916,82.42740000000003
3.1497,-10.0000,0.005475286159992265,0.0040999999999999925,0.035581548910480154,74.66390000000001
3.2497,-10.0000,0.005001343689997384,0.0037000000000000366,0.032100745212715776,67.34130000000005
3.3497,-10.0000,0.0045453293400044,0.0034000000000000696,0.02886520139609472,60.53620000000001
3.4497,-10.0000,0.004119608429988375,0.0031000000000001027,0.025667389868880175,53.79980000000023
3.5497,-10.0000,0.003730080400003999,0.0028000000000000247,0.023035562682765742,48.264000000000124
3.6497,-10.0000,0.0033789556899819218,0.0025000000000000577,0.02067729459484946,43.30520000000024
3.7497,-10.0000,0.003066162579983711,0.0022000000000000908,0.018564286388076612,38.85440000000017
3.9497,-10.0000,0.0025485298099852116,0.0018000000000000238,0.01497971889444405,31.3134
4.1497,-10.0000,0.002261070589980818,0.0016000000000000458,0.013178002075275974,27.535300000000007
4.3497,-10.0000,0.0019168123899930833,0.0013000000000000789,0.010772568625601275,22.49039999999968
4.5497,-10.0000,0.0016461538299950007,0.001100000000000101,0.0087821903594002,18.3137999999999
4.7497,-10.0000,0.0014296007399821065,0.0009000000000000119,0.007555890953683586,15.729299999999967
4.9497,-10.0000,0.0012527379699918129,0.0008000000000000229,0.006480520705593795,13.47820000000047
5.1497,-10.0000,0.0011054245499906301,0.0007000000000000339,0.005622111121592277,11.697500000000218
5.3497,-10.0000,0.00098097829999233,0.0006000000000000449,0.004942929912272298,10.26260000000002
5.5497,-10.0000,0.0008747971599802895,0.000500000000000056,0.0043580794264691525,9.04870000000028
5.7497,-10.0000,0.0007835153899975467,0.000500000000000056,0.003867559664182618,8.031799999999748
2.2497,-8.0000,-0.005799630510011866,-0.0040000000000000036,0.017620979152910055,27.9384
2.3497,-8.0000,0.0003875698099875535,0.0007000000000000339,0.04580699933968502,90.79410000000007
2.4497,-8.0000,0.00395290976999263,0.0034000000000000696,0.05744741062163938,117.79610000000002
2.5497,-8.0000,0.005852272749990561,0.0047000000000000375,0.060315064616545566,125.35680000000002
2.6497,-8.0000,0.0067173131799904695,0.005300000000000082,0.058522780869729174,122.41390000000001
2.7497,-8.0000,0.006958481270004313,0.005300000000000082,0.05446655975851333,114.25160000000005
2.8497,-8.0000,0.006834704489989463,0.0052000000000000934,0.04967455900386741,104.29390000000012
2.9497,-8.0000,0.0065052391200026705,0.0049000000000000155,0.04501462126214517,94.52350000000024
3.0497,-8.0000,0.0060687091699946905,0.0046000000000000485,0.04075087255919252,85.57459999999992
3.1497,-8.0000,0.005587874379983759,0.0042000000000000925,0.03682671446089991,77.32310000000007
3.2497,-8.0000,0.0051023312499864915,0.0039000000000000146,0.03315724931610231,69.60750000000007
3.3497,-8.0000,0.004635421459994404,0.0035000000000000586,0.029770776341854654,62.473399999999856
3.4497,-8.0000,0.00419959467998865,0.0031000000000001027,0.0265352325252336,55.63709999999992
3.5497,-8.0000,0.0038007506999804264,0.0028000000000000247,0.023790208470898966,49.866599999999835
3.6497,-8.0000,0.0034410480599831317,0.0026000000000000467,0.02133760965946596,44.71230000000014
3.7497,-8.0000,0.0031203696299826333,0.0023000000000000798,0.019149136873879757,40.0945999999999
3.9497,-8.0000,0.002588596569978563,0.0019000000000000128,0.01543250636732385,32.277900000000045
4.1497,-8.0000,0.0022695559100043283,0.0016000000000000458,0.013328931232902463,27.861499999999978
4.3497,-8.0000,0.0019246952799960582,0.0013000000000000789,0.010885765493821364,22.72910000000047
4.5497,-8.0000,0.0016541231599944695,0.001100000000000101,0.008923686444675116,18.595500000000357
4.7497,-8.0000,0.0014377975599870751,0.0009000000000000119,0.007631355532497053,15.884299999999712
4.9497,-8.0000,0.0012606941899946378,0.0008000000000000229,0.006546552212055579,13.631000000000313
5.1497,-8.0000,0.0011127393100025529,0.0007000000000000339,0.005697575700405633,11.839899999999943
5.3497,-8.0000,0.0009875612299765635,0.0006000000000000449,0.004999528346382398,10.38510000000042
5.5497,-8.0000,0.000880688379993444,0.0006000000000000449,0.0044146778605792525,9.160300000000461
5.7497,-8.0000,0.0007887828899981741,0.000500000000000056,0.003914725025940924,8.123800000000301
2.2497,-6.0000,-0.005836816350011986,-0.0038999999999999035,0.01846995566456,29.297799999999825
2.3497,-6.0000,0.00045245465997822976,0.0009000000000000119,0.048184133572304555,95.66260000000011
2.4497,-6.0000,0.004069681159990068,0.0036000000000000476,0.06029619847184231,123.8137999999999
2.5497,-6.0000,0.005991119589992877,0.0050000000000000044,0.06313555324969344,131.38799999999992
2.6497,-6.0000,0.006861056879984062,0.00550000000000006,0.06110744269408541,127.95470000000023
2.7497,-6.0000,0.0070978684399847225,0.005600000000000049,0.0567210640505611,119.09079999999994
2.8497,-6.0000,0.0069653839999830325,0.005400000000000071,0.05157060654655221,108.3737000000001
2.9497,-6.0000,0.00662555042998747,0.005099999999999993,0.04658994434487307,97.90189999999984
3.0497,-6.0000,0.006178215289992295,0.0047000000000000375,0.04206206961607406,88.3782000000001
3.1497,-6.0000,0.005686688759993785,0.0043000000000000815,0.03793038392604475,79.67759999999998
3.2497,-6.0000,0.005190901139997095,0.0040000000000000036,0.034091123478917185,71.60289999999986
3.3497,-6.0000,0.004714400849991307,0.0036000000000000476,0.030572587491746073,64.17160000000013
3.4497,-6.0000,0.004269702719994939,0.0032000000000000917,0.027393642109234895,57.47200000000021
3.5497,-6.0000,0.003862696879991745,0.0029000000000000137,0.024441090463163784,51.250800000000254
3.6497,-6.0000,0.0034954934500035506,0.0026000000000000467,0.021913027072917535,45.92540000000008
3.7497,-6.0000,0.00316794023999023,0.0024000000000000687,0.019649089708518086,41.16199999999981
3.9497,-6.0000,0.0026240031799886765,0.0019000000000000128,0.0158192623337422,33.10510000000022
4.1497,-6.0000,0.0022737647599910815,0.0016000000000000458,0.013423261956419186,28.062600000000202
4.3497,-6.0000,0.0019292810099784674,0.0012000000000000899,0.010093387416281407,21.08809999999994
4.5497,-6.0000,0.0016596293899908687,0.001100000000000101,0.009046316385246556,18.857899999999972
4.7497,-6.0000,0.0014441122199855272,0.0009000000000000119,0.007678520894255247,15.990499999999884
4.9497,-6.0000,0.0012669787099923724,0.0008000000000000229,0.00661258371851714,13.751100000000406
5.1497,-6.0000,0.001118512519980186,0.0007000000000000339,0.005754174134515733,11.968700000000354
5.3497,-6.0000,0.000992752369995742,0.0006000000000000449,0.005046693708140815,10.482600000000275
5.5497,-6.0000,0.0008853263599917227,0.0006000000000000449,0.004452410149985764,9.244300000000294
5.7497,-6.0000,0.0007929249100016023,0.000500000000000056,0.003952457315347546,8.196799999999712
2.2497,-5.0000,-0.005846271180018903,-0.0038999999999999035,0.019177436090934696,30.630099999999857
2.3497,-5.0000,0.0004852780099895426,0.0010000000000000009,0.0494292991227242,98.22510000000011
2.4497,-5.0000,0.004123809889989616,0.0037000000000000366,0.061654560890481935,126.70020000000022
2.5497,-5.0000,0.006054106349978383,0.005099999999999993,0.06443731723422319,134.18150000000014
2.6497,-5.0000,0.006925722749997476,0.005600000000000049,0.062277143665691925,130.4771999999998
2.7497,-5.0000,0.007160330929991687,0.005700000000000038,0.05773040279218944,121.27449999999999
2.8497,-5.0000,0.0070238102800033175,0.00550000000000006,0.052419583058202046,110.20659999999998
2.9497,-5.0000,0.0066792508499986525,0.005099999999999993,0.04728799169889619,99.41530000000012
3.0497,-5.0000,0.0062270310199892265,0.0048000000000000265,0.042646920101877206,89.6298999999999
3.1497,-5.0000,0.0057306979200006936,0.0044000000000000705,0.0384209036883314,80.72449999999981
3.2497,-5.0000,0.005230322169978763,0.0040000000000000036,0.03450617866239025,72.48680000000013
3.3497,-5.0000,0.004749538169988909,0.0036000000000000476,0.03092161116875769,64.92129999999997
3.4497,-5.0000,0.004300887130000319,0.0033000000000000806,0.027695500424488206,58.11059999999998
3.5497,-5.0000,0.0038902458499876502,0.0030000000000000027,0.024724082633713618,51.85500000000002
3.6497,-5.0000,0.003519707359998847,0.0027000000000000357,0.02216772002641254,46.45420000000013
3.7497,-5.0000,0.0031890994600018985,0.0024000000000000687,0.01986605037260636,41.6268
3.9497,-5.0000,0.0026397931499957394,0.0019000000000000128,0.015989057636072057,33.463900000000194
4.1497,-5.0000,0.0022190958399903593,0.0016000000000000458,0.012942175266484113,27.05239999999958
4.3497,-5.0000,0.0019303581800045322,0.0013000000000000789,0.010980096217337865,22.923099999999977
4.5497,-5.0000,0.00166148837999458,0.001100000000000101,0.009084048674653289,18.94300000000021
4.7497,-5.0000,0.001446581430002425,0.0009000000000000119,0.007697387038958725,16.031700000000455
4.9497,-5.0000,0.0012694770599921412,0.0008000000000000229,0.006631449863220618,13.798600000000079
5.1497,-5.0000,0.0011208072500039634,0.0007000000000000339,0.005773040279219099,12.012399999999616
5.3497,-5.0000,0.0009948095799927614,0.0006000000000000449,0.00506555985284407,10.521499999999833
5.5497,-5.0000,0.0008871621799926288,0.0006000000000000449,0.004461843222337669,9.277500000000146
5.7497,-5.0000,0.0007945630999870446,0.000500000000000056,0.0039618903876993405,8.225400000000263
2.2497,-4.0000,-0.00584905334000041,-0.0037999999999999146,0.02007357796434306,32.36459999999988
2.3497,-4.0000,0.0005185397199909403,0.001100000000000101,0.050693330817847326,100.85240000000022
2.4497,-4.0000,0.004175080979990753,0.0038000000000000256,0.06296575794736337,129.48109999999997
2.5497,-4.0000,0.006112684939978408,0.0052000000000000934,0.06566361663993969,136.80240000000003
2.6497,-4.0000,0.006985428409990391,0.005700000000000038,0.06336194698613329,132.81150000000025
2.7497,-4.0000,0.007217811380002104,0.005700000000000038,0.05866427695500409,123.28020000000015
2.8497,-4.0000,0.00707747538999115,0.00550000000000006,0.05320252806339021,111.88389999999981
2.9497,-4.0000,0.006728512839998757,0.0052000000000000934,0.04793887369116112,100.79730000000018
3.0497,-4.0000,0.006271769159980067,0.0048000000000000265,0.04317517215357036,90.77080000000024
3.1497,-4.0000,0.005771003259980034,0.0044000000000000705,0.03886425808885963,81.67660000000024
3.2497,-4.0000,0.005266409059998978,0.0040000000000000036,0.03488350155645703,73.28879999999981
3.3497,-4.0000,0.004781692169984808,0.0037000000000000366,0.031242335628714257,65.60030000000006
3.4497,-4.0000,0.004329416480004511,0.0033000000000000806,0.027969059522686357,58.68780000000015
3.5497,-4.0000,0.003915442899995014,0.0030000000000000027,0.024988208659560418,52.398299999999836
3.6497,-4.0000,0.003541853099989112,0.0027000000000000357,0.022384680690500924,46.92900000000009
3.7497,-4.0000,0.0032084507099909843,0.0024000000000000687,0.020064144891991376,42.04359999999997
3.9497,-4.0000,0.0026542431999985183,0.0020000000000000018,0.016139986793698657,33.784999999999854
4.1497,-4.0000,0.002229144300002872,0.0016000000000000458,0.013064805207055996,27.30619999999999
4.3497,-4.0000,0.0019305936399973689,0.0013000000000000789,0.010989529289689548,22.939500000000407
4.5497,-4.0000,0.0016627886499804845,0.001100000000000101,0.009112347891708228,18.990600000000086
4.7497,-4.0000,0.0014486129099964273,0.0009000000000000119,0.0077068201113104084,16.055699999999888
4.9497,-4.0000,0.0012715371100000539,0.0008000000000000229,0.006650316007923873,13.837800000000243
5.1497,-4.0000,0.001122695419979891,0.0007000000000000339,0.005791906423922355,12.048300000000381
5.3497,-4.0000,0.000996500459990557,0.0006000000000000449,0.005074992925195754,10.553399999999783
5.5497,-4.0000,0.0008886700899779498,0.0006000000000000449,0.004480709367040925,9.30450000000019
5.7497,-4.0000,0.0007959081000024071,0.000500000000000056,0.003971323460051024,8.248800000000301
2.2497,-3.0000,-0.005844801370017194,-0.0036999999999999256,0.021111215923026116,34.44279999999981
2.3497,-3.0000,0.0005523497499950736,0.0012000000000000899,0.05195736251297056,103.51810000000023
2.4497,-3.0000,0.0042234746999838535,0.0039000000000000146,0.06421092349778323,132.13819999999987
2.5497,-3.0000,0.00616677348997996,0.005300000000000082,0.06679558532213947,139.23320000000012
2.6497,-3.0000,0.007040066489992114,0.005800000000000027,0.06435241958305826,134.94140000000016
2.7497,-3.0000,0.007270197509996024,0.005800000000000027,0.059503820394302354,125.09349999999995
2.8497,-3.0000,0.007126284259982185,0.005600000000000049,0.053910008489765016,113.39330000000018
2.9497,-3.0000,0.006773255119981059,0.005300000000000082,0.048514291104612806,102.03850000000011
3.0497,-3.0000,0.006312355630001321,0.0049000000000000155,0.043656258843505324,91.79359999999997
3.1497,-3.0000,0.005807540359995755,0.0045000000000000595,0.03926044712762966,82.52869999999984
3.2497,-3.0000,0.005299103929985449,0.0040999999999999925,0.035223092161116853,74.00509999999986
3.3497,-3.0000,0.004810812599998826,0.0037000000000000366,0.03152532779926431,66.20550000000003
3.4497,-3.0000,0.004355245369993099,0.0033000000000000806,0.02820488633147822,59.20119999999997
3.5497,-3.0000,0.003938250589982317,0.0030000000000000027,0.025214602396000374,52.878799999999956
3.6497,-3.0000,0.003561892150003132,0.0027000000000000357,0.02258277520988583,47.348399999999856
3.7497,-3.0000,0.0032259575199873325,0.0024000000000000687,0.020243373266672915,42.41139999999996
3.9497,-3.0000,0.0026673152000000755,0.0020000000000000018,0.016272049806622113,34.06759999999986
4.1497,-3.0000,0.002238322869999365,0.0016000000000000458,0.01316856900292429,27.52469999999994
4.3497,-3.0000,0.001930008740004041,0.0013000000000000789,0.010631072540326358,22.195300000000316
4.5497,-3.0000,0.0016635854599940103,0.001100000000000101,0.009112347891708228,18.997400000000198
4.7497,-3.0000,0.0014502005699910114,0.0010000000000000009,0.007716253183661981,16.074400000000423
4.9497,-3.0000,0.0012731477699787774,0.0008000000000000229,0.006669182152627018,13.872999999999593
5.1497,-3.0000,0.0011241708799900607,0.0007000000000000339,0.0058107725686255,12.07629999999972
5.3497,-3.0000,0.0009978205000038542,0.0006000000000000449,0.005093859069899009,10.578199999999924
5.5497,-3.0000,0.0008898466099935831,0.0006000000000000449,0.004490142439392608,9.32549999999992
5.7497,-3.0000,0.0007969571200021619,0.000500000000000056,0.003980756532402596,8.266899999999623
2.2497,-2.0000,-0.005833360970001422,-0.0038999999999999035,0.01971512121497987,31.501400000000103
2.3497,-2.0000,0.0005867880599907949,0.0012000000000000899,0.052645976794642,104.96000000000004
2.4497,-2.0000,0.004268970989983245,0.0040000000000000036,0.06531459296292796,134.5014000000001
2.5497,-2.0000,0.006216301189994056,0.005400000000000071,0.06786152249787758,141.5347999999999
2.6497,-2.0000,0.007089544219979871,0.005900000000000016,0.06530515989057628,137.00610000000006
2.7497,-2.0000,0.007317397659988956,0.005900000000000016,0.060249033110083894,126.70139999999992
2.8497,-2.0000,0.007170147370004543,0.005700000000000038,0.05452315819262343,114.72389999999996
2.9497,-2.0000,0.006813394669990203,0.005300000000000082,0.049023677011602595,103.13009999999986
3.0497,-2.0000,0.006348733409993201,0.0049000000000000155,0.0440713140269785,92.69210000000021
3.1497,-2.0000,0.005840255189980326,0.0045000000000000595,0.039609470804640945,83.27579999999989
3.2497,-2.0000,0.005328360069995597,0.0040999999999999925,0.03551551740401837,74.63189999999986
3.3497,-2.0000,0.004836857149996376,0.0037000000000000366,0.03178002075275921,66.73410000000013
3.4497,-2.0000,0.00437833629999318,0.0034000000000000696,0.02842184699556649,59.64890000000014
3.5497,-2.0000,0.00395862999999963,0.0030000000000000027,0.02544099613244022,53.365800000000036
3.6497,-2.0000,0.0035797925899885286,0.0027000000000000357,0.02275257051221591,47.71149999999989
3.7497,-2.0000,0.0032415895999804434,0.0025000000000000577,0.020394302424299626,42.72920000000022
3.9497,-2.0000,0.0026789778299871614,0.0020000000000000018,0.016394679747193663,34.31089999999995
4.1497,-2.0000,0.0022465450099957707,0.0016000000000000458,0.01325346665408933,27.710599999999886
4.3497,-2.0000,0.0019286389899946244,0.0013000000000000789,0.010961230072634609,22.877300000000105
4.5497,-2.0000,0.0016639713399797529,0.001100000000000101,0.009074615602301717,18.913800000000265
4.7497,-2.0000,0.0014513417899877368,0.0010000000000000009,0.007725686256013664,16.08809999999994
4.9497,-2.0000,0.0012742995599808182,0.0008000000000000229,0.00667861522497859,13.894900000000234
5.1497,-2.0000,0.001125228599988759,0.0007000000000000339,0.005820205640977072,12.096300000000156
5.3497,-2.0000,0.0009987660399985998,0.0006000000000000449,0.005093859069899009,10.595900000000256
5.5497,-2.0000,0.0008906889499940007,0.0006000000000000449,0.0044995755117442915,9.34019999999964
5.7497,-2.0000,0.0007977079799843523,0.000500000000000056,0.0039901896047542795,8.279700000000048
2.2497,-1.0000,-0.005814191479998954,-0.0037999999999999146,0.021007452127157933,34.184099999999944
2.3497,-1.0000,0.0006219445199917573,0.0014000000000000679,0.053900575417413554,107.63110000000006
2.4497,-1.0000,0.004311552789999951,0.0040999999999999925,0.06638996321101776,136.8206
2.5497,-1.0000,0.006261210209999035,0.00550000000000006,0.06874823129893404,143.4441999999999
2.6497,-1.0000,0.007133801779986015,0.006000000000000005,0.06602207338930288,138.54030000000012
2.7497,-1.0000,0.007359348239987185,0.006000000000000005,0.06092821431940387,128.15369999999984
2.8497,-1.0000,0.007208990789990821,0.005700000000000038,0.055126874823129834,116.01090000000022
2.9497,-1.0000,0.00684887973000059,0.005400000000000071,0.04945759833977914,104.06449999999995
3.0497,-1.0000,0.006380840139996735,0.0050000000000000044,0.04443920384869371,93.46050000000014
3.1497,-1.0000,0.00586911160999648,0.0045000000000000595,0.03991132911989448,83.91400000000021
3.2497,-1.0000,0.005354140229997029,0.0040999999999999925,0.03577021035751349,75.16629999999986
3.3497,-1.0000,0.004859793229996967,0.0037000000000000366,0.0319875483444958,67.1839
3.4497,-1.0000,0.00439865965998365,0.0034000000000000696,0.02860107537024803,60.02890000000025
3.5497,-1.0000,0.003976559210002506,0.0030000000000000027,0.02559192529006682,53.6880000000001
3.6497,-1.0000,0.0035955290999822864,0.0027000000000000357,0.02290349966984251,48.01720000000023
3.7497,-1.0000,0.0032553227899825288,0.0025000000000000577,0.020516932364871288,42.996200000000044
3.9497,-1.0000,0.0026892059999852336,0.0020000000000000018,0.016489010470710386,34.514500000000226
4.1497,-1.0000,0.002253750439990654,0.0016000000000000458,0.013328931232902463,27.864900000000034
4.3497,-1.0000,0.0019203071599918076,0.0013000000000000789,0.010791434770304753,22.52270000000044
4.5497,-1.0000,0.0016641080999875157,0.001100000000000101,0.009036883312894872,18.84360000000015
4.7497,-1.0000,0.0014520296699913615,0.0009000000000000119,0.007725686256013664,16.079399999999623
4.9497,-1.0000,0.0012749994999978753,0.0008000000000000229,0.00667861522497859,13.90769999999975
5.1497,-1.0000,0.0011258659299926421,0.0007000000000000339,0.005820205640977072,12.10779999999977
5.3497,-1.0000,0.00099933449999412,0.0006000000000000449,0.005103292142250693,10.606200000000172
5.5497,-1.0000,0.0008911951899790438,0.0006000000000000449,0.0044995755117442915,9.34860000000026
5.7497,-1.0000,0.0007981591499799379,0.000500000000000056,0.0039901896047542795,8.287000000000262
2.2497,0.0000,-0.005787260920016024,-0.0035999999999999366,0.022837468163380725,38.01189999999997
2.3497,0.0000,0.0006578425899874674,0.0015000000000000568,0.055391000848976635,110.83199999999988
2.4497,0.0000,0.004351182889990923,0.0043000000000000815,0.06755023111027258,139.33199999999988
2.5497,0.0000,0.00630144313998926,0.005600000000000049,0.0696349400999905,145.3679000000002
2.6497,0.0000,0.00717276138999523,0.006000000000000005,0.06669182152627107,139.99890000000005
2.7497,0.0000,0.007395980069986763,0.006000000000000005,0.06124893877936033,128.86099999999988
2.8497,0.0000,0.007242793759985489,0.005800000000000027,0.05550419771719639,116.8402000000001
2.9497,0.0000,0.006879657940004336,0.005400000000000071,0.04986322045090075,104.93330000000014
3.0497,0.0000,0.006408646769983761,0.0050000000000000044,0.044731629091595115,94.09400000000005
3.1497,0.0000,0.005894062799995936,0.0046000000000000485,0.04015658900103769,84.43949999999995
3.2497,0.0000,0.005376417219991936,0.0042000000000000925,0.03597773794925008,75.60559999999987
3.3497,0.0000,0.004879596859979074,0.0038000000000000256,0.032157343646825876,67.55279999999993
3.4497,0.0000,0.004416193889994702,0.0034000000000000696,0.028742571455523058,60.339800000000196
3.5497,0.0000,0.00399201566000329,0.0031000000000001027,0.02571455523063859,53.95060000000012
3.6497,0.0000,0.003609081570004946,0.0028000000000000247,0.023016696538062487,48.26499999999987
3.7497,0.0000,0.003267139070004532,0.0025000000000000577,0.02062069616073936,43.21190000000024
3.9497,0.0000,0.0026979804999882617,0.0020000000000000018,0.01656447504952363,34.677999999999884
4.1497,0.0000,0.002259902229980071,0.0016000000000000458,0.013385529667012563,27.98770000000013
4.3497,0.0000,0.0019236721599895645,0.0013000000000000789,0.010942363927931464,22.84400000000005
4.5497,0.0000,0.0016641395899910094,0.001100000000000101,0.0090274502405433,18.823300000000017
4.7497,0.0000,0.001452256799979068,0.0010000000000000009,0.007725686256013664,16.08849999999984
4.9497,0.0000,0.0012752305299841282,0.0008000000000000229,0.0066880482973304956,13.911799999999857
5.1497,0.0000,0.0011260775499977171,0.0007000000000000339,0.005820205640977072,12.110800000000381
5.3497,0.0000,0.0009995242699858409,0.0006000000000000449,0.005103292142250693,10.609000000000378
5.5497,0.0000,0.0008913640999992367,0.0006000000000000449,0.0044995755117442915,9.350999999999658
5.7497,0.0000,0.0007983096499799558,0.000500000000000056,0.0039901896047542795,8.289200000000164
2.2497,1.0000,-0.005752495709998584,-0.0033999999999999586,0.025242901613055424,43.10429999999997
2.3497,1.0000,0.0006945181799835609,0.0017000000000000348,0.05694745778700128,114.17930000000024
2.4497,1.0000,0.004387861710000607,0.0044000000000000705,0.06839920762192253,141.16890000000012
2.5497,1.0000,0.006336963980004384,0.005700000000000038,0.07026695594755206,146.74130000000014
2.6497,1.0000,0.00720636958999421,0.006099999999999994,0.06733327044618431,141.39580000000024
2.7497,1.0000,0.0074272540099968865,0.006099999999999994,0.06189982077162515,130.2494999999999
2.8497,1.0000,0.007271490999983143,0.005800000000000027,0.055843788321856325,117.55220000000008
2.9497,1.0000,0.0069057280399817955,0.005400000000000071,0.05010848033204407,105.44650000000001
3.0497,1.0000,0.006432126219976908,0.0050000000000000044,0.044967455900386755,94.5889000000002
3.1497,1.0000,0.005915098289989373,0.0046000000000000485,0.04035468352042271,84.84970000000021
3.2497,1.0000,0.005395179989989174,0.0042000000000000925,0.03613810017922836,75.94779999999992
3.3497,1.0000,0.0048962530299832,0.0038000000000000256,0.03229883973210079,67.83939999999984
3.4497,1.0000,0.004430925440004785,0.0034000000000000696,0.028855768323743036,60.58039999999983
3.5497,1.0000,0.004004986409995581,0.0031000000000001027,0.025808885954155092,54.15259999999989
3.6497,1.0000,0.003620441110001593,0.0028000000000000247,0.023111027261579098,48.454499999999825
3.7497,1.0000,0.003277026570003727,0.0025000000000000577,0.020696160739552827,43.37609999999995
3.9497,1.0000,0.0027052877200048897,0.0020000000000000018,0.01662107348363362,34.80119999999988
4.1497,1.0000,0.002264974909991224,0.0016000000000000458,0.013432695028770869,28.078899999999976
4.3497,1.0000,0.0019265048699992349,0.0013000000000000789,0.010980096217337865,22.91859999999997
4.5497,1.0000,0.0016641051699934906,0.001100000000000101,0.009036883312894872,18.83600000000024
4.7497,1.0000,0.0014520276799885323,0.0010000000000000009,0.007725686256013664,16.090100000000348
4.9497,1.0000,0.0012749986800031365,0.0008000000000000229,0.00667861522497859,13.90689999999995
5.1497,1.0000,0.001125865679995286,0.0007000000000000339,0.005820205640977072,12.105499999999665
5.3497,1.0000,0.000999334799985263,0.0006000000000000449,0.005103292142250693,10.604400000000169
5.5497,1.0000,0.000891195299999481,0.0006000000000000449,0.0044995755117442915,9.347499999999854
5.7497,1.0000,0.0007981593799968323,0.000500000000000056,0.0039901896047542795,8.286299999999756
2.2497,2.0000,-0.005709746970012475,-0.0028999999999999027,0.028695406093764864,50.40909999999985
2.3497,2.0000,0.0007319435499937299,0.0018000000000000238,0.058164324120365984,116.83370000000014
2.4497,2.0000,0.0044215366299908965,0.0045000000000000595,0.0692198849165172,142.95890000000009
2.5497,2.0000,0.006367732989986052,0.005700000000000038,0.07084237336100374,147.99929999999995
2.6497,2.0000,0.007234639579991153,0.006200000000000094,0.06764456183378931,142.0531000000001
2.7497,2.0000,0.007453150869991987,0.006099999999999994,0.0621828129421752,130.8687
2.8497,2.0000,0.00729507558000364,0.005800000000000027,0.0561173474200547,118.1541000000002
2.9497,2.0000,0.006927050879994567,0.00550000000000006,0.0502971417790774,105.85260000000017
3.0497,2.0000,0.006451280080000288,0.0050000000000000044,0.045118385058013355,94.92480000000023
3.1497,2.0000,0.005932210249994796,0.0046000000000000485,0.04048674653334594,85.14240000000018
3.2497,2.0000,0.005410407949995033,0.0042000000000000925,0.03625129704744845,76.19129999999996
3.3497,2.0000,0.004909763329976613,0.0038000000000000256,0.032393170455617404,68.04250000000002
3.4497,2.0000,0.004442848840000124,0.0034000000000000696,0.028940665974908075,60.74980000000005
3.5497,2.0000,0.0040154662199825,0.0031000000000001027,0.02588435053296867,54.29340000000002
3.6497,2.0000,0.0036295978399891737,0.0028000000000000247,0.023167625695689198,48.571500000000015
3.7497,2.0000,0.003284979529979637,0.0025000000000000577,0.020752759173662816,43.48880000000008
3.9497,2.0000,0.00271111949999181,0.0020000000000000018,0.016668238845391925,34.88410000000022
4.1497,2.0000,0.0022689513199907196,0.0016000000000000458,0.013460994245825919,28.139200000000073
4.3497,2.0000,0.0019286401899876182,0.0013000000000000789,0.010998962362041231,22.965699999999742
4.5497,2.0000,0.001663972229977162,0.001100000000000101,0.009065182529950033,18.902500000000146
4.7497,2.0000,0.0014513400599867055,0.0010000000000000009,0.007725686256013664,16.085000000000036
4.9497,2.0000,0.0012743028199793116,0.0008000000000000229,0.00667861522497859,13.893100000000231
5.1497,2.0000,0.0011252301099773376,0.0007000000000000339,0.0058107725686255,12.091699999999946
5.3497,2.0000,0.0009987666499853276,0.0006000000000000449,0.005093859069899009,10.59230000000025
5.5497,2.0000,0.0008906891799824734,0.0006000000000000449,0.0044995755117442915,9.337999999999738
5.7497,2.0000,0.0007977082299817084,0.000500000000000056,0.0039901896047542795,8.278299999999945
2.2497,3.0000,-0.005659208319997333,-0.0026999999999999247,0.03074238279407593,54.84400000000005
2.3497,3.0000,0.0007701034400042772,0.0020000000000000018,0.05935289123667575,119.43269999999984
2.4497,3.0000,0.004452193999981091,0.0045000000000000595,0.06992736534289223,144.53290000000015
2.5497,3.0000,0.006393733149991476,0.005800000000000027,0.07129516083388365,148.98900000000003
2.6497,3.0000,0.007257516509980633,0.006200000000000094,0.06793698707669082,142.69759999999997
2.7497,3.0000,0.007473663379983009,0.006099999999999994,0.0623903405339119,131.30920000000015
2.8497,3.0000,0.007313553169979059,0.005900000000000016,0.05623997736062647,118.41240000000016
2.9497,3.0000,0.006943637479992049,0.00550000000000006,0.05043863786435243,106.15779999999995
3.0497,3.0000,0.006466101390003587,0.005099999999999993,0.045203282709178394,95.10410000000002
3.1497,3.0000,0.005945400710004378,0.0046000000000000485,0.04054334496745593,85.26180000000022
3.2497,3.0000,0.005422113159994524,0.0042000000000000925,0.03631732855391001,76.33489999999983
3.3497,3.0000,0.004920113619988342,0.0038000000000000256,0.03244976888972739,68.16130000000021
3.4497,3.0000,0.004451966729988044,0.0034000000000000696,0.02898783133666627,60.84740000000011
3.5497,3.0000,0.004023457189987312,0.0031000000000001027,0.025922082822375292,54.3724000000002
3.6497,3.0000,0.0036365596799896593,0.0028000000000000247,0.023195924912743915,48.63389999999981
3.7497,3.0000,0.0032909982799935733,0.0025000000000000577,0.020781058390717977,43.54989999999998
3.9497,3.0000,0.0027154753699960565,0.0020000000000000018,0.016687104990095403,34.92650000000003
4.1497,3.0000,0.0022718208499838966,0.0016000000000000458,0.013470427318177602,28.168299999999817
4.3497,3.0000,0.0019300099799863801,0.0013000000000000789,0.011008395434393026,22.987699999999677
4.5497,3.0000,0.0016635859199993774,0.001100000000000101,0.009093481747004972,18.949400000000423
4.7497,3.0000,0.0014501995999864903,0.0009000000000000119,0.007716253183661981,16.072699999999713
4.9497,3.0000,0.0012731465199919967,0.0008000000000000229,0.006669182152627018,13.87039999999979
5.1497,3.0000,0.0011241731299946878,0.0007000000000000339,0.005801339496273816,12.069499999999607
5.3497,3.0000,0.000997821409981725,0.0006000000000000449,0.005084425997547437,10.572799999999916
5.5497,3.0000,0.0008898469399980513,0.0006000000000000449,0.004490142439392608,9.322199999999611
5.7497,3.0000,0.000796957369999518,0.000500000000000056,0.003980756532402596,8.265000000000327
2.2497,4.0000,-0.005600880770003869,-0.0024999999999999467,0.03292142250731056,59.58690000000024
2.3497,4.0000,0.0008089501899917195,0.002100000000000102,0.060484859918875644,121.94860000000017
2.4497,4.0000,0.00447981335000236,0.0046000000000000485,0.07053108197339863,145.8777
2.5497,4.0000,0.006414965219988744,0.005800000000000027,0.07161588529384033,149.70269999999982
2.6497,4.0000,0.007275026739989698,0.006200000000000094,0.06810678237902079,143.06820000000016
2.7497,4.0000,0.007488806689991634,0.006200000000000094,0.06247523818507683,131.50210000000015
2.8497,4.0000,0.007326937489978036,0.005900000000000016,0.05629657579473624,118.52570000000014
2.9497,4.0000,0.006955507209994494,0.00550000000000006,0.05046693708140748,106.20789999999988
3.0497,4.0000,0.006476612939991355,0.005099999999999993,0.04525044807093681,95.19459999999981
3.1497,4.0000,0.005954702809987111,0.0046000000000000485,0.040552778039807724,85.27359999999999
3.2497,4.0000,0.005430301419977468,0.0042000000000000925,0.03628902933685507,76.27599999999984
3.3497,4.0000,0.0049273264399971595,0.0038000000000000256,0.03246863503443065,68.19509999999991
3.4497,4.0000,0.004458296609982426,0.0034000000000000696,0.028997264409017953,60.872899999999845
3.5497,4.0000,0.004028968770001029,0.0031000000000001027,0.025922082822375292,54.389500000000226
3.6497,4.0000,0.003641330589999825,0.0028000000000000247,0.023195924912743915,48.64269999999988
3.7497,4.0000,0.00329508830998293,0.0025000000000000577,0.020781058390717977,43.5599000000002
3.9497,4.0000,0.0027183522900031676,0.0020000000000000018,0.016687104990095403,34.92950000000019
4.1497,4.0000,0.0022735785399845554,0.0016000000000000458,0.013470427318177602,28.166799999999967
4.3497,4.0000,0.001930589680000594,0.0013000000000000789,0.011008395434393026,22.98530000000028
4.5497,4.0000,0.001662790490001953,0.001100000000000101,0.009150080181115072,19.069300000000112
4.7497,4.0000,0.00144861347999381,0.0009000000000000119,0.0077068201113104084,16.053499999999985
4.9497,4.0000,0.0012715354500016929,0.0008000000000000229,0.006650316007923873,13.839100000000144
5.1497,4.0000,0.00112269843998547,0.0007000000000000339,0.005791906423922355,12.039200000000164
5.3497,4.0000,0.0009965017099773377,0.0006000000000000449,0.005074992925195754,10.546100000000479
5.5497,4.0000,0.0008886707599913279,0.0006000000000000449,0.004480709367040925,9.300100000000384
5.7497,4.0000,0.000795908360004205,0.000500000000000056,0.003971323460051024,8.24619999999959
2.2497,5.0000,-0.005534933190006086,-0.0022999999999999687,0.03517592679935866,64.53589999999986
2.3497,5.0000,0.00084841694999227,0.0022000000000000908,0.06155079709461386,124.35039999999981
2.4497,5.0000,0.004504381519979006,0.0047000000000000375,0.07102160173568528,146.97969999999987
2.5497,5.0000,0.006431442549995836,0.005900000000000016,0.07180454674087344,150.13400000000001
2.6497,5.0000,0.007287198960000296,0.006200000000000094,0.06814451466842741,143.1624999999999
2.7497,5.0000,0.007498621749988388,0.006200000000000094,0.062456372040373576,131.44709999999986
2.8497,5.0000,0.007335268429983444,0.005900000000000016,0.05624941043297815,118.42869999999994
2.9497,5.0000,0.006962704199992231,0.00550000000000006,0.05042920479200086,106.11749999999984
3.0497,5.0000,0.006482837419980569,0.005099999999999993,0.04525988114328838,95.20240000000013
3.1497,5.0000,0.005960102979997828,0.0046000000000000485,0.04052447882275256,85.20710000000008
3.2497,5.0000,0.005435022089983477,0.0042000000000000925,0.036241863975096766,76.16510000000017
3.3497,5.0000,0.004931423329992413,0.0038000000000000256,0.03244033581737571,68.14379999999983
3.4497,5.0000,0.0044618421100039996,0.0034000000000000696,0.02897839826431481,60.826100000000224
3.5497,5.0000,0.0040320177400019475,0.0031000000000001027,0.025903216677671925,54.34479999999985
3.6497,5.0000,0.0036439252699835833,0.0028000000000000247,0.02317705876804088,48.598199999999906
3.7497,5.0000,0.003297260599993024,0.0025000000000000577,0.020743326101311244,43.47659999999996
3.9497,5.0000,0.0027197604199784564,0.0020000000000000018,0.016668238845391925,34.89330000000018
4.1497,5.0000,0.0022742243699838127,0.0016000000000000458,0.013460994245825919,28.135099999999966
4.3497,5.0000,0.0019303547699962564,0.0013000000000000789,0.010998962362041231,22.958999999999833
4.5497,5.0000,0.0016614912800037018,0.001100000000000101,0.009140647108763389,19.04569999999967
4.7497,5.0000,0.0014465854099796616,0.0009000000000000119,0.007697387038958725,16.026499999999942
4.9497,5.0000,0.0012694768399796885,0.0008000000000000229,0.006631449863220618,13.799399999999878
5.1497,5.0000,0.001120811059990956,0.0007000000000000339,0.005773040279219099,12.000900000000001
5.3497,5.0000,0.0009948114600035751,0.0006000000000000449,0.005056126780492498,10.512399999999616
5.5497,5.0000,0.000887162939989139,0.0006000000000000449,0.004461843222337669,9.27180000000044
5.7497,5.0000,0.0007945633900021676,0.000500000000000056,0.0039618903876993405,8.222099999999955
2.2497,6.0000,-0.005461617450009726,-0.0020000000000000018,0.03744929723610968,69.58199999999988
2.3497,6.0000,0.0008884165799827315,0.0024000000000000687,0.06255070276389008,126.60039999999981
2.4497,6.0000,0.004525892929990505,0.0048000000000000265,0.07138005848504847,147.82360000000017
2.5497,6.0000,0.006443198559992425,0.005900000000000016,0.07185171210263186,150.27800000000025
2.6497,6.0000,0.007294084899996278,0.006300000000000083,0.0680596170172626,142.98019999999997
2.7497,6.0000,0.007503164479999214,0.006200000000000094,0.06231487595509844,131.14609999999993
2.8497,6.0000,0.007338596399989683,0.005900000000000016,0.0561173474200547,118.12440000000015
2.9497,6.0000,0.006965267590004487,0.00550000000000006,0.050306574851428976,105.85660000000007
3.0497,6.0000,0.006484843909987603,0.005099999999999993,0.04512781813036493,94.92830000000004
3.1497,6.0000,0.0059616825299997345,0.0046000000000000485,0.04045844731629089,85.06759999999986
3.2497,6.0000,0.005436285559994758,0.0042000000000000925,0.036156966323931616,75.98500000000013
3.3497,6.0000,0.004932431499980794,0.0038000000000000256,0.032279973587397315,67.78780000000006
3.4497,6.0000,0.004462639569993598,0.0034000000000000696,0.02892179983020482,60.70710000000008
3.5497,6.0000,0.004032634039987215,0.0031000000000001027,0.02585605131591351,54.238200000000234
3.6497,6.0000,0.0036443650099897695,0.0028000000000000247,0.023129893406282465,48.5003999999999
3.7497,6.0000,0.0032975404699868704,0.0025000000000000577,0.0207055938119044,43.385099999999966
3.9497,6.0000,0.0027197118499771022,0.0020000000000000018,0.016630506555985303,34.81849999999986
4.1497,6.0000,0.0022737628000015775,0.0016000000000000458,0.013432695028770869,28.073699999999917
4.3497,6.0000,0.0019292952899832017,0.0013000000000000789,0.010980096217337865,22.910499999999956
4.5497,6.0000,0.0016596319499910805,0.001100000000000101,0.009112347891708228,19.00500000000011
4.7497,6.0000,0.00144411209998907,0.0010000000000000009,0.007725686256013664,16.08430000000044
4.9497,6.0000,0.0012669787099923724,0.0008000000000000229,0.00661258371851714,13.7516999999998
5.1497,6.0000,0.0011185173899832535,0.0007000000000000339,0.005744741062163938,11.954899999999725
5.3497,6.0000,0.0009927545199843735,0.0006000000000000449,0.005037260635789131,10.471700000000055
5.5497,6.0000,0.0008853272200042284,0.0006000000000000449,0.0044429770776341915,9.237600000000384
5.7497,6.0000,0.000792925219997187,0.000500000000000056,0.003943024242995863,8.192699999999604
2.2497,8.0000,-0.005294220290011253,-0.0014999999999999458,0.042646920101877206,81.12490000000025
2.3497,8.0000,0.0009695948599812709,0.0026000000000000467,0.06450334874068486,131.0963999999999
2.4497,8.0000,0.004559775879982908,0.0048000000000000265,0.07170078294500526,148.67160000000013
2.5497,8.0000,0.006452785899995206,0.005900000000000016,0.07154985378737855,149.68780000000015
2.6497,8.0000,0.007292319279997628,0.006200000000000094,0.0674936326761626,141.79170000000022
2.7497,8.0000,0.007496767679981531,0.006099999999999994,0.06170172625224035,129.82290000000012
2.8497,8.0000,0.007330577559997664,0.005800000000000027,0.05555136307895481,116.91229999999996
2.9497,8.0000,0.006956777639999245,0.00550000000000006,0.04983492123384581,104.83899999999994
3.0497,8.0000,0.006476386849982418,0.0050000000000000044,0.0447410621639468,94.08710000000019
3.1497,8.0000,0.005953553389986155,0.0046000000000000485,0.04015658900103769,84.4110999999998
3.2497,8.0000,0.005428652380004451,0.0042000000000000925,0.03590227337043672,75.4353000000001
3.3497,8.0000,0.004925373649996345,0.0038000000000000256,0.032006414489199164,67.21239999999989
3.4497,8.0000,0.0044561379099832266,0.0034000000000000696,0.028553910008489725,59.91640000000007
3.5497,8.0000,0.0040266696099990895,0.0031000000000001027,0.02567682294123208,53.84130000000005
3.6497,8.0000,0.003638902310001413,0.0028000000000000247,0.02296953117630418,48.146999999999935
3.7497,8.0000,0.003292510369988122,0.0025000000000000577,0.02055466465427791,43.06640000000016
3.9497,8.0000,0.002715316250004207,0.0020000000000000018,0.01650787661541364,34.55639999999994
4.1497,8.0000,0.002269555759994546,0.0016000000000000458,0.013328931232902463,27.864599999999882
4.3497,8.0000,0.0019246934699879148,0.0013000000000000789,0.010895198566173048,22.747599999999693
4.5497,8.0000,0.0016541195399781827,0.001100000000000101,0.009055749457598239,18.8737000000001
4.7497,8.0000,0.0014377984699933677,0.0009000000000000119,0.007659654749551992,15.945800000000418
4.9497,8.0000,0.0012606944999902225,0.0008000000000000229,0.006593717573813773,13.71519999999964
5.1497,8.0000,0.0011127395199821422,0.0007000000000000339,0.005697575700405633,11.840400000000045
5.3497,8.0000,0.0009875640599830149,0.0006000000000000449,0.004990095274030715,10.370600000000195
5.5497,8.0000,0.0008806894699944223,0.0006000000000000449,0.004405244788227569,9.15139999999974
5.7497,8.0000,0.0007887832699964292,0.000500000000000056,0.003914725025940924,8.118599999999788
2.2497,10.0000,-0.005102117489997227,-0.0006999999999999229,0.049316102254504224,95.91130000000021
2.3497,10.0000,0.0010515450999832865,0.0030000000000000027,0.06752193189321765,137.9092999999998
2.4497,10.0000,0.004581692829987105,0.0050000000000000044,0.07257805867371014,150.71889999999985
2.5497,10.0000,0.006444440299986809,0.005900000000000016,0.07113479860390526,148.8496
2.6497,10.0000,0.00727060730000062,0.006200000000000094,0.0664748608621828,139.61590000000024
2.7497,10.0000,0.007470495050000636,0.006099999999999994,0.06066408829355718,127.58269999999993
2.8497,10.0000,0.007303677969986211,0.005800000000000027,0.054645788133195095,114.9411
2.9497,10.0000,0.006930755569982239,0.005400000000000071,0.049080275445712696,103.19840000000022
3.0497,10.0000,0.0064518518899774335,0.0050000000000000044,0.04411847938873692,92.72749999999996
3.1497,10.0000,0.005930840540003146,0.0046000000000000485,0.03962833694934442,83.26479999999992
3.2497,10.0000,0.005407910109994418,0.0040999999999999925,0.03550608433166669,74.57000000000016
3.3497,10.0000,0.004906562599984454,0.0037000000000000366,0.031647957739835864,66.42630000000008
3.4497,10.0000,0.004439181079987975,0.0033000000000000806,0.028195453259126535,59.145300000000134
3.5497,10.0000,0.004011421559994233,0.0030000000000000027,0.025158003961890274,52.746399999999994
3.6497,10.0000,0.0036252287600007094,0.0027000000000000357,0.02270540515045749,47.58669999999984
3.7497,10.0000,0.0032802588799825116,0.0024000000000000687,0.020328270917837954,42.570900000000165
3.9497,10.0000,0.002705352499987157,0.0020000000000000018,0.016319215168380308,34.152000000000044
4.1497,10.0000,0.0022610724499827484,0.0016000000000000458,0.013178002075275974,27.547399999999925
4.3497,10.0000,0.0019168115599939028,0.0013000000000000789,0.010782001697952848,22.5016999999998
4.5497,10.0000,0.0016461513999956878,0.001100000000000101,0.008961418734081739,18.678100000000086
4.7497,10.0000,0.0014296013799821594,0.0009000000000000119,0.007574757098386953,15.769199999999728
4.9497,10.0000,0.0012527396499990573,0.0008000000000000229,0.006508819922648734,13.535100000000057
5.1497,10.0000,0.0011054258699800812,0.0007000000000000339,0.005659843410998899,11.766599999999926
5.3497,10.0000,0.0009809827499793755,0.0006000000000000449,0.004933496839920837,10.244399999999587
5.5497,10.0000,0.0008747995999840441,0.000500000000000056,0.004348646354117469,9.036799999999857
5.7497,10.0000,0.0007835169400038922,0.000500000000000056,0.003867559664182618,8.025099999999838
2.2497,12.5000,-0.0048344394500077215,0.000200000000000089,0.05720215074049617,113.59590000000026
2.3497,12.5000,0.0011530656099978387,0.0036000000000000476,0.07095557022922361,145.7455
2.4497,12.5000,0.004592805779992659,0.005300000000000082,0.07337043675124988,152.65290000000005
2.5497,12.5000,0.006410438959989051,0.006000000000000005,0.07060654655221221,147.8031000000001
2.6497,12.5000,0.007217381250001154,0.006099999999999994,0.06535232525233459,137.2156
2.7497,12.5000,0.007411572219979234,0.006000000000000005,0.05920196207904915,124.41890000000012
2.8497,12.5000,0.007245148479995578,0.005600000000000049,0.053108197339873486,111.61560000000009
2.9497,12.5000,0.006875002129987706,0.005300000000000082,0.04775964531647958,100.36209999999983
3.0497,12.5000,0.0063998568899990005,0.0049000000000000155,0.04301480992359208,90.36599999999999
3.1497,12.5000,0.005883079669985136,0.0045000000000000595,0.03869446278652955,81.26540000000023
3.2497,12.5000,0.0053645193399916025,0.0040999999999999925,0.03471370625412695,72.86230000000023
3.3497,12.5000,0.004867443899996715,0.0037000000000000366,0.031063107254032718,65.16629999999986
3.4497,12.5000,0.004404060279995292,0.0033000000000000806,0.027770965003301562,58.23959999999988
3.5497,12.5000,0.003980015119992686,0.0029000000000000137,0.024620318837845545,51.60010000000011
3.6497,12.5000,0.0035972182599834923,0.0026000000000000467,0.021969625507027635,46.016099999999824
3.7497,12.5000,0.003255312049986969,0.0024000000000000687,0.01992264880671646,41.71239999999989
3.9497,12.5000,0.0026854588899993814,0.0019000000000000128,0.015979624563720485,33.42939999999999
4.1497,12.5000,0.0022447077400045146,0.0016000000000000458,0.01293274219413254,27.01130000000012
4.3497,12.5000,0.0019024794799804567,0.0013000000000000789,0.010583907178568053,22.08730000000014
4.5497,12.5000,0.0016327254199950403,0.001100000000000101,0.008810489576454916,18.35239999999976
4.7497,12.5000,0.001416654659976757,0.0009000000000000119,0.007442694085463608,15.489700000000084
4.9497,12.5000,0.001240509689978353,0.0008000000000000229,0.006386189982077184,13.276200000000244
5.1497,12.5000,0.0010942254399992635,0.0007000000000000339,0.005546646542779143,11.524900000000343
5.3497,12.5000,0.0009708903500040833,0.0006000000000000449,0.004867465333459053,10.104400000000169
5.5497,12.5000,0.000865751029976991,0.000500000000000056,0.0043014809923590525,8.923099999999977
5.7497,12.5000,0.000775414069977387,0.000500000000000056,0.0038203943024244236,7.9255999999995765
2.2497,15.0000,-0.004545938790016635,0.001100000000000101,0.06406942741250832,129.2195999999999
2.3497,15.0000,0.0012510790699877816,0.0040000000000000036,0.07353079898122816,151.75149999999985
2.4497,15.0000,0.004586946049982998,0.005400000000000071,0.07344590133006312,153.0338999999999
2.5497,15.0000,0.0063528654799824835,0.006000000000000005,0.069484010942364,145.46550000000025
2.6497,15.0000,0.007138173350000443,0.006099999999999994,0.063767569097255,133.79710000000023
2.7497,15.0000,0.007326501599976609,0.005900000000000016,0.057541741345156217,120.82880000000023
2.8497,15.0000,0.00716142138000464,0.00550000000000006,0.05159890576360715,108.35640000000012
2.9497,15.0000,0.006795583949980255,0.005099999999999993,0.04629751910197144,97.19720000000007
3.0497,15.0000,0.006326050740000255,0.0047000000000000375,0.04161871521554572,87.36700000000019
3.1497,15.0000,0.005815483949987765,0.0044000000000000705,0.03750589567021978,78.71109999999999
3.2497,15.0000,0.005303256939981793,0.0040000000000000036,0.03368550136779558,70.67309999999998
3.3497,15.0000,0.004812296049976794,0.0036000000000000476,0.030185831525327722,63.289800000000014
3.4497,15.0000,0.0043546660400011206,0.0032000000000000917,0.02701631921516834,56.622299999999996
3.5497,15.0000,0.00393593105999912,0.0029000000000000137,0.02418639750966889,50.660899999999856
3.6497,15.0000,0.0035579928599815958,0.0026000000000000467,0.021375341948872806,44.750800000000254
3.7497,15.0000,0.0032204719899766587,0.0023000000000000798,0.019054806150363257,39.88680000000022
3.9497,15.0000,0.002657891089995701,0.0019000000000000128,0.01558343552495045,32.58800000000019
4.1497,15.0000,0.002222341999981836,0.0015000000000000568,0.012593151589472829,26.292599999999766
4.3497,15.0000,0.001883416469979693,0.0013000000000000789,0.010338647297424619,21.569499999999607
4.5497,15.0000,0.0016155616499986536,0.001100000000000101,0.00861239505707001,17.944099999999708
4.7497,15.0000,0.0014007545499907792,0.0009000000000000119,0.0072823318554854355,15.150300000000243
4.9497,15.0000,0.0012258187200018256,0.0008000000000000229,0.0062352608244503616,12.97440000000006
5.1497,15.0000,0.0010808559299846365,0.0007000000000000339,0.005414583529855688,11.25500000000011
5.3497,15.0000,0.0009588464099863359,0.0006000000000000449,0.004744835392887281,9.863400000000183
5.5497,15.0000,0.0008549364600014542,0.000500000000000056,0.00419771719649098,8.714799999999741
5.7497,15.0000,0.0007657148100008726,0.000500000000000056,0.0037354966512591625,7.746100000000297
2.2497,20.0000,-0.003949971800011554,0.0026000000000000467,0.07392698801999809,152.10870000000023
2.3497,20.0000,0.0014274960699935946,0.0045000000000000595,0.07392698801999809,153.5066999999999
2.4497,20.0000,0.004531914249980673,0.00550000000000006,0.07088953872276182,147.91660000000002
2.5497,20.0000,0.006181776250002713,0.005800000000000027,0.06532402603527965,136.6531
2.6497,20.0000,0.006918014180001819,0.005800000000000027,0.05922082822375252,124.03800000000001
2.7497,20.0000,0.0070928677099857396,0.005600000000000049,0.05326855956985177,111.62789999999995
2.8497,20.0000,0.0069314016299983905,0.0052000000000000934,0.04786340911234788,100.29280000000017
2.9497,20.0000,0.006577145779999682,0.0049000000000000155,0.0430525422129987,90.22620000000006
3.0497,20.0000,0.006123126639977272,0.0045000000000000595,0.038741628148287854,81.19320000000016
3.1497,20.0000,0.005629864740001267,0.0040999999999999925,0.034808036977643564,72.93040000000019
3.2497,20.0000,0.005135216389987818,0.0037000000000000366,0.031204603339307524,65.36029999999982
3.3497,20.0000,0.004661186600003475,0.0034000000000000696,0.027959626450334785,58.54419999999982
3.4497,20.0000,0.004219396429988365,0.0030000000000000027,0.025101405527780507,52.53859999999986
3.5497,20.0000,0.003815300459990567,0.0027000000000000357,0.022526176775775952,47.1244999999999
3.6497,20.0000,0.0034507434599788667,0.0025000000000000577,0.020196207904914498,42.24499999999989
3.7497,20.0000,0.003125299339984622,0.0022000000000000908,0.018102065842844905,37.853399999999965
3.9497,20.0000,0.002582751429997643,0.0017000000000000348,0.01412130931044242,29.492099999999937
4.1497,20.0000,0.0021617588799927034,0.0015000000000000568,0.0118290727289877,24.684000000000196
4.3497,20.0000,0.0018325066999977935,0.0012000000000000899,0.009725497594566535,20.26469999999972
4.5497,20.0000,0.0015709288499863305,0.0010000000000000009,0.00813130836713527,16.932799999999588
4.7497,20.0000,0.0013606471799789688,0.0009000000000000119,0.0068861428167152905,14.316600000000108
4.9497,20.0000,0.0011895861399864316,0.0007000000000000339,0.005895670219790539,12.259200000000419
5.1497,20.0000,0.0010482049999893661,0.0006000000000000449,0.005112725214602487,10.630500000000211
5.3497,20.0000,0.0009294740499967702,0.0006000000000000449,0.004490142439392608,9.318900000000212
5.5497,20.0000,0.000828532550002592,0.000500000000000056,0.003971323460051024,8.237900000000081
5.7497,20.0000,0.000741985579992388,0.000500000000000056,0.0035374021318743676,7.3288000000002285
2.2497,25.0000,-0.003389882610008499,0.0037000000000000366,0.07702103575134434,160.00820000000022
2.3497,25.0000,0.0015688399399778064,0.0048000000000000265,0.07122912932742198,148.32430000000022
2.4497,25.0000,0.004437758959994653,0.005300000000000082,0.06498443543061971,135.54289999999992
2.5497,25.0000,0.00596544955999434,0.00550000000000006,0.059117064427884225,123.46140000000014
2.6497,25.0000,0.00664651577997688,0.005400000000000071,0.053277992642203564,111.33089999999993
2.7497,25.0000,0.006803402439999218,0.0052000000000000934,0.0481086689934912,100.56950000000006
2.8497,25.0000,0.006643749619996697,0.0049000000000000155,0.04346759739647199,90.88149999999996
2.9497,25.0000,0.006302187939979831,0.0045000000000000595,0.03926988019998123,82.1275999999998
3.0497,25.0000,0.005866906530002325,0.0042000000000000925,0.03541175360815019,74.07070000000022
3.1497,25.0000,0.005395194409999249,0.0038000000000000256,0.031836619186869086,66.58320000000003
3.2497,25.0000,0.004922657240001627,0.0034000000000000696,0.02854447693613804,59.68359999999984
3.3497,25.0000,0.004469929519984817,0.0031000000000001027,0.02556362607301188,53.43820000000005
3.4497,25.0000,0.0040480583400039905,0.0028000000000000247,0.02290349966984251,47.8724000000002
3.5497,25.0000,0.0036623104300019804,0.0025000000000000577,0.020564097726629704,42.95589999999993
3.6497,25.0000,0.0033145145399942066,0.0023000000000000798,0.018488821809263256,38.622100000000046
3.7497,25.0000,0.003004199619994097,0.0020000000000000018,0.01662107348363362,34.69750000000022
3.9497,25.0000,0.0024868162799975835,0.0017000000000000348,0.013413828884067502,27.98610000000008
4.1497,25.0000,0.002084166459979997,0.0013000000000000789,0.01036694651447978,21.608100000000377
4.3497,25.0000,0.0017675043899885168,0.001100000000000101,0.0090274502405433,18.79830000000038
4.5497,25.0000,0.001514674909998348,0.0010000000000000009,0.007565324026035269,15.742100000000391
4.7497,25.0000,0.0013110336399790867,0.0008000000000000229,0.006405056126780662,13.308500000000095
4.9497,25.0000,0.0011454652599809378,0.0007000000000000339,0.005499481181020727,11.431700000000092
5.1497,25.0000,0.0010087897999824236,0.0006000000000000449,0.004782567682294125,9.92200000000048
5.3497,25.0000,0.0008941340299770673,0.000500000000000056,0.00419771719649098,8.707800000000134
5.5497,25.0000,0.0007967622399860375,0.000500000000000056,0.003716630506555907,7.706500000000233
