2.4164,-25.0000,-0.0007882612480045736,0.0036999999999999256,0.08061258835408935,166.5999999999999
2.5164,-25.0000,0.0031656981119851935,0.0046999999999999265,0.0741332884550654,152.44050000000016
2.6164,-25.0000,0.005501284041997678,0.00539999999999996,0.06855856613934708,140.33469999999988
2.7164,-25.0000,0.006753334112005405,0.005599999999999938,0.0626788118478625,127.85960000000023
2.8164,-25.0000,0.007294754332008324,0.005599999999999938,0.057251346348030974,116.41750000000002
2.9164,-25.0000,0.007381350961992439,0.005499999999999949,0.052076321104005396,105.57410000000027
3.0164,-25.0000,0.007185667461982348,0.005199999999999982,0.04701699764389089,95.07060000000001
3.1164,-25.0000,0.0068222456820024036,0.0049000000000000155,0.04232581622349374,85.42520000000013
3.2164,-25.0000,0.006367233302000841,0.0044999999999999485,0.038213143722652054,76.97929999999997
3.3164,-25.0000,0.00587158022199219,0.0041999999999999815,0.034594833389431145,69.55909999999994
3.4164,-25.0000,0.0053689494519915115,0.0037999999999999146,0.03122896331201619,62.7183
3.5164,-25.0000,0.0048809149219835035,0.0034999999999999476,0.02822071693032646,56.59410000000025
3.6164,-25.0000,0.004420518081985847,0.0031999999999999806,0.025296617300571977,50.67260000000033
3.7164,-25.0000,0.003994726682009286,0.0027999999999999137,0.022624957926624112,45.26760000000013
3.8164,-25.0000,0.003606671862002031,0.0025999999999999357,0.02038455065634459,40.75669999999991
3.9164,-25.0000,0.003256828151990021,0.0022999999999999687,0.01843865701783909,36.834100000000035
4.1164,-25.0000,0.002665254182005583,0.0016999999999999238,0.013589700437562913,27.214300000000094
4.3164,-25.0000,0.0021995284919853475,0.0014999999999999458,0.01179106361494453,23.466699999999946
4.5164,-25.0000,0.0018318077219987572,0.0011999999999999789,0.009361326152810379,18.61760000000004
4.7164,-25.0000,0.0015388898920036809,0.0010000000000000009,0.007836166273981648,15.531800000000203
4.9164,-25.0000,0.0013035971819874703,0.0008000000000000229,0.006510854930999677,12.878200000000106
5.1164,-25.0000,0.0011135196519944657,0.0006999999999999229,0.005480057219791168,10.824500000000171
5.3164,-25.0000,0.0009587330719966758,0.0005999999999999339,0.004375631100639432,8.645199999999932
5.5164,-25.0000,0.0008040048419957202,0.0004999999999999449,0.0039969707169300595,7.894500000000335
5.7164,-25.0000,0.000703676901991912,0.00039999999999995595,0.0034710535173342327,6.845600000000104
5.9164,-25.0000,0.000619534991983528,0.00039999999999995595,0.0030292830696733164,5.968699999999899
2.4164,-20.0000,-0.0011411705480099954,0.0034999999999999476,0.08686048468529106,178.85030000000006
2.5164,-20.0000,0.003144321611983969,0.0050000000000000044,0.08295817906428793,170.20700000000033
2.6164,-20.0000,0.005676378911999791,0.005900000000000016,0.07763589700437556,158.79899999999998
2.7164,-20.0000,0.007036427071994922,0.006299999999999972,0.07169303264893978,146.2243000000003
2.8164,-20.0000,0.007629337001986869,0.006299999999999972,0.06556083810164903,133.36010000000033
2.9164,-20.0000,0.007733568302001004,0.006199999999999983,0.05961797374621325,120.98399999999992
3.0164,-20.0000,0.007536397442009957,0.005799999999999916,0.05368562773476937,108.67149999999992
3.1164,-20.0000,0.007160793872003524,0.005499999999999949,0.048742006058566045,98.42740000000003
3.2164,-20.0000,0.006687634711994406,0.005199999999999982,0.04404030629417699,88.74490000000014
3.3164,-20.0000,0.0061701376220071324,0.0046999999999999265,0.03904409289801414,78.55070000000023
3.4164,-20.0000,0.005643633111986901,0.0042999999999999705,0.03508919555705148,70.48379999999997
3.5164,-20.0000,0.005131355232009582,0.0039000000000000146,0.03153399528778178,63.253400000000056
3.6164,-20.0000,0.00464731529200435,0.0034999999999999476,0.028399528778189076,56.9059000000002
3.7164,-20.0000,0.0041992512219906075,0.0031999999999999806,0.025370245708515538,50.77719999999999
3.8164,-20.0000,0.003790579951981954,0.0029000000000000137,0.022709104678559355,45.4041000000002
3.9164,-20.0000,0.0034218853319885056,0.0025999999999999357,0.020416105688320307,40.77840000000015
4.1164,-20.0000,0.0027982169419829006,0.0020999999999999908,0.016324469875462766,32.55510000000004
4.3164,-20.0000,0.0023066172620076486,0.0016999999999999238,0.01316896667788614,26.195600000000013
4.5164,-20.0000,0.0019195272620038395,0.0012999999999999678,0.01049730730393783,20.853100000000268
4.7164,-20.0000,0.0016121499919847793,0.0010999999999999899,0.008646078761359699,17.13169999999991
4.9164,-20.0000,0.0013659112319999167,0.0009000000000000119,0.007268175698417978,14.357700000000023
5.1164,-20.0000,0.00114806877198248,0.0008000000000000229,0.005963901043419595,11.795100000000275
5.3164,-20.0000,0.0009915350420044433,0.0006999999999999229,0.0050593234601143955,9.992999999999938
5.5164,-20.0000,0.000862191361989062,0.0005999999999999339,0.0043335577246718104,8.549800000000232
5.7164,-20.0000,0.0007544455419861151,0.0004999999999999449,0.003744530461123996,7.371300000000247
5.9164,-20.0000,0.0006640999320097762,0.00039999999999995595,0.0032501682935036635,6.393199999999979
2.4164,-17.5000,-0.001338160947994993,0.0031999999999999806,0.08800698418041053,180.55639999999994
2.5164,-17.5000,0.003112145331982674,0.005099999999999993,0.08591383372601813,175.92660000000024
2.6164,-17.5000,0.005741498901983277,0.006099999999999994,0.08102280376977444,165.62710000000015
2.7164,-17.5000,0.007155026791991759,0.006599999999999939,0.07555326489397507,154.03950000000032
2.8164,-17.5000,0.007773509381991062,0.006599999999999939,0.06924225849882182,140.85510000000022
2.9164,-17.5000,0.007886708441986912,0.00649999999999995,0.06292073375967666,127.69540000000006
3.0164,-17.5000,0.007689447941999106,0.006099999999999994,0.05675698418041064,114.92880000000014
3.1164,-17.5000,0.0073091644219971386,0.005699999999999927,0.05096137664086153,102.9384
3.2164,-17.5000,0.0068286165019912914,0.005299999999999971,0.04566013126893287,92.0296000000003
3.3164,-17.5000,0.006301975411986405,0.0049000000000000155,0.041189835072366066,82.8732
3.4164,-17.5000,0.005765609272003758,0.0044999999999999485,0.03681420397172663,73.94350000000031
3.5164,-17.5000,0.005243026151987351,0.0040999999999999925,0.033069673510602415,66.32290000000012
3.6164,-17.5000,0.0047488744419865725,0.0036999999999999256,0.029693285089195443,59.481700000000274
3.7164,-17.5000,0.0042912377720085715,0.0032999999999999696,0.02657985526758655,53.189200000000255
3.8164,-17.5000,0.0038736014119820084,0.0030000000000000027,0.023834567485694902,47.64840000000004
3.9164,-17.5000,0.0034965646919999926,0.0026999999999999247,0.02119446314372264,42.3451
4.1164,-17.5000,0.002858668211985105,0.0021999999999999797,0.016850387075058926,33.60429999999997
4.3164,-17.5000,0.002355786231987622,0.0016999999999999238,0.013673847189498378,27.20620000000008
4.5164,-17.5000,0.001960041391981804,0.0013999999999999568,0.011065297879501945,21.9688000000001
4.7164,-17.5000,0.0016462446419893695,0.0010999999999999899,0.00904577583305266,17.909200000000055
4.9164,-17.5000,0.0013789356619895443,0.0010000000000000009,0.007394395826321065,14.64240000000018
5.1164,-17.5000,0.0011817709520016706,0.0008000000000000229,0.006184786267250053,12.235700000000179
5.3164,-17.5000,0.0010205557819915612,0.0006999999999999229,0.00523813530797701,10.331300000000283
5.5164,-17.5000,0.0008873969719900288,0.0005999999999999339,0.004470296196566581,8.813300000000254
5.7164,-17.5000,0.0007764799119911459,0.0004999999999999449,0.0038497139010433834,7.579099999999926
5.9164,-17.5000,0.0006834722319979392,0.00039999999999995595,0.003334315045439129,6.557999999999993
2.4164,-15.0000,-0.0015463012979921587,0.0027999999999999137,0.08739692022887913,178.57180000000017
2.5164,-15.0000,0.0030623769019939573,0.0050000000000000044,0.08682892965331535,177.51389999999992
2.6164,-15.0000,0.005786001952003517,0.006199999999999983,0.08387327499158537,171.20560000000023
2.7164,-15.0000,0.007251296711984878,0.006799999999999917,0.07866669471558407,160.28290000000015
2.8164,-15.0000,0.00789511464199677,0.006900000000000017,0.07241879838438237,147.2829999999999
2.9164,-15.0000,0.008017919911992522,0.006699999999999928,0.06578172332547949,133.48939999999993
3.0164,-15.0000,0.0078216454319886,0.006399999999999961,0.059481235274318256,120.4031
3.1164,-15.0000,0.007438093702006654,0.006000000000000005,0.05328593066307641,107.62089999999989
3.2164,-15.0000,0.006951831191997826,0.005499999999999949,0.04767965331538193,96.07889999999998
3.3164,-15.0000,0.006418053381992195,0.005099999999999993,0.042788623359138134,86.06860000000006
3.4164,-15.0000,0.005873493321985279,0.0045999999999999375,0.03831832716257155,76.94380000000001
3.5164,-15.0000,0.005342309601985562,0.0041999999999999815,0.034310838101649366,68.79940000000033
3.6164,-15.0000,0.0048396182220074024,0.0037999999999999146,0.03093444968024217,61.947200000000066
3.7164,-15.0000,0.004373712252004225,0.0033999999999999586,0.027663244698754474,55.33840000000009
3.8164,-15.0000,0.003948332641982688,0.0030999999999999917,0.024707590037024607,49.38430000000017
3.9164,-15.0000,0.0035642458620088746,0.0027999999999999137,0.02217266913497118,44.269900000000234
4.1164,-15.0000,0.002913829031996329,0.0021999999999999797,0.01778651969033984,35.44140000000016
4.3164,-15.0000,0.00240084327199952,0.0017999999999999128,0.014178727701110616,28.19509999999991
4.5164,-15.0000,0.001997408901985409,0.0014999999999999458,0.011633288455065505,23.059799999999996
4.7164,-15.0000,0.0016640323519823141,0.0011999999999999789,0.009235106024907291,18.325900000000274
4.9164,-15.0000,0.00141394404198536,0.0010000000000000009,0.007646836082127129,15.133000000000266
5.1164,-15.0000,0.001211632931983786,0.0008000000000000229,0.006374116459104462,12.603500000000167
5.3164,-15.0000,0.0010463309319845848,0.0006999999999999229,0.005374873779872225,10.608799999999974
5.5164,-15.0000,0.000909841041988102,0.0005999999999999339,0.004585997980477985,9.02559999999994
5.7164,-15.0000,0.0007961463319929862,0.0004999999999999449,0.003933860652978849,7.74369999999999
5.9164,-15.0000,0.0007007976119837167,0.00039999999999995595,0.003407943453382689,6.686200000000099
2.4164,-12.5000,-0.0017633767079985319,0.0022999999999999687,0.08517754964658364,173.0974000000001
2.5164,-12.5000,0.0029941065020011592,0.0047999999999999154,0.08809113093234588,179.4985999999999
2.6164,-12.5000,0.0058058538120064895,0.006299999999999972,0.08582968697408266,174.86619999999994
2.7164,-12.5000,0.0073206850520080025,0.006900000000000017,0.08105435880175038,164.97820000000002
2.8164,-12.5000,0.007989668101998859,0.007099999999999995,0.07483801750252439,152.10590000000002
2.9164,-12.5000,0.00812313764200212,0.006900000000000017,0.06828508919555698,138.5326
3.0164,-12.5000,0.007929503202007027,0.006599999999999939,0.06157438572871088,124.64290000000028
3.1164,-12.5000,0.007544443672003354,0.006099999999999994,0.05528441602154144,111.63140000000021
3.2164,-12.5000,0.007054509331993586,0.005699999999999927,0.04933103332211375,99.39730000000009
3.3164,-12.5000,0.006515603441982876,0.005199999999999982,0.04413497139010425,88.74189999999999
3.4164,-12.5000,0.005964896201987813,0.0047999999999999154,0.039927633793335526,80.14139999999998
3.5164,-12.5000,0.005427072381991138,0.0042999999999999705,0.035425782564792785,71.01600000000008
3.6164,-12.5000,0.004917491631999837,0.0039000000000000146,0.03174436216762022,63.56730000000016
3.7164,-12.5000,0.004444979862000764,0.0034999999999999476,0.028515230562100147,57.010299999999916
3.8164,-12.5000,0.004013283972000181,0.0031999999999999806,0.025549057556378152,51.03700000000026
3.9164,-12.5000,0.003623293141998829,0.0029000000000000137,0.02298258162234923,45.85480000000007
4.1164,-12.5000,0.002962482241997577,0.0022999999999999687,0.018322955233928018,36.497100000000046
4.3164,-12.5000,0.00244096896199153,0.0017999999999999128,0.014283911141029892,28.433899999999994
4.5164,-12.5000,0.0020310714020013165,0.0014999999999999458,0.011896247054863585,23.590400000000045
4.7164,-12.5000,0.0016999389119973785,0.0011999999999999789,0.009508582968697277,18.85570000000007
4.9164,-12.5000,0.0014441930219959431,0.0010000000000000009,0.007846684617973554,15.522600000000239
5.1164,-12.5000,0.0012375063319893798,0.0008000000000000229,0.006521373274991582,12.888600000000224
5.3164,-12.5000,0.0010687446520023514,0.0006999999999999229,0.005490575563783073,10.818099999999959
5.5164,-12.5000,0.0009294322219943751,0.0005999999999999339,0.004659626388421434,9.181300000000192
5.7164,-12.5000,0.0008133728119901207,0.0004999999999999449,0.0039969707169300595,7.861000000000331
5.9164,-12.5000,0.000716020032001552,0.00039999999999995595,0.003450016829350422,6.774499999999989
2.4164,-10.0000,-0.0019869139680110948,0.0016999999999999238,0.08208515651295833,165.71360000000004
2.5164,-10.0000,0.0029051900619947446,0.0045999999999999375,0.08750210366879829,177.65250000000015
2.6164,-10.0000,0.00579814358198405,0.006199999999999983,0.08672374621339607,176.29940000000033
2.7164,-10.0000,0.0073596243319968835,0.007000000000000006,0.08253744530461105,167.7465000000002
2.8164,-10.0000,0.008053619771999365,0.007199999999999984,0.07643680578929646,155.22830000000022
2.9164,-10.0000,0.008199075432003156,0.007099999999999995,0.07003113429821606,141.98610000000008
3.0164,-10.0000,0.008010038371992323,0.006699999999999928,0.06328887579939413,128.06330000000025
3.1164,-10.0000,0.007625699151986964,0.006199999999999983,0.056630764052507554,114.32009999999991
3.2164,-10.0000,0.007134313451985008,0.005799999999999916,0.05082463816896676,102.3457000000003
3.3164,-10.0000,0.006592517431982969,0.005299999999999971,0.04536561763715907,91.15910000000031
3.4164,-10.0000,0.006037888041987571,0.0049000000000000155,0.04061132615281027,81.47550000000001
3.5164,-10.0000,0.005495460351994552,0.0043999999999999595,0.03637243352406583,72.8759
3.6164,-10.0000,0.00498104351200368,0.0040000000000000036,0.032901380006731706,65.82520000000022
3.7164,-10.0000,0.004503597541997806,0.0035999999999999366,0.02917788623359141,58.32180000000017
3.8164,-10.0000,0.004067160701993089,0.0031999999999999806,0.025990828004038957,51.89670000000024
3.9164,-10.0000,0.0036727112419896457,0.0029000000000000137,0.023592645573880855,47.04690000000028
4.1164,-10.0000,0.002984741631991028,0.0023999999999999577,0.018543840457758365,37.00930000000017
4.3164,-10.0000,0.002475773611990917,0.0019000000000000128,0.015041231908448194,29.86959999999999
4.5164,-10.0000,0.002055379871990226,0.0014999999999999458,0.011896247054863585,23.621200000000044
4.7164,-10.0000,0.0017299497320095725,0.0011999999999999789,0.009708431504543813,19.24420000000009
4.9164,-10.0000,0.0014695512620050977,0.0010000000000000009,0.007993941433860563,15.79910000000018
5.1164,-10.0000,0.0012592942019864495,0.0009000000000000119,0.006626556714910636,13.082300000000032
5.3164,-10.0000,0.0010877215719915512,0.0006999999999999229,0.005564203971726633,10.952700000000277
5.5164,-10.0000,0.0009461114919986358,0.0005999999999999339,0.004712218108380739,9.27559999999994
5.7164,-10.0000,0.0008281144720001521,0.0004999999999999449,0.004039044092897903,7.927300000000287
5.9164,-10.0000,0.0007291065119829909,0.0004999999999999449,0.003481571861326027,6.8202000000001135
2.4164,-8.0000,-0.002168642588003422,0.0011999999999999789,0.07886654325143039,158.26510000000007
2.5164,-8.0000,0.0028192090520064994,0.0042999999999999705,0.08640819589363835,174.81600000000026
2.6164,-8.0000,0.005770765711986314,0.006099999999999994,0.08641871423763026,175.29150000000027
2.7164,-8.0000,0.007367180601988821,0.007000000000000006,0.08290558734432851,168.22650000000021
2.8164,-8.0000,0.008081050821999725,0.007299999999999973,0.07746760350050497,157.09979999999996
2.9164,-8.0000,0.008237052872004824,0.007099999999999995,0.0706937899697071,143.23109999999997
3.0164,-8.0000,0.008053182401994263,0.006799999999999917,0.06365701783911137,128.76360000000022
3.1164,-8.0000,0.007671298432001095,0.006299999999999972,0.05753534163581275,116.06179999999995
3.2164,-8.0000,0.0071804572920086684,0.005900000000000016,0.05157144059239316,103.78960000000006
3.3164,-8.0000,0.006638069902010102,0.005299999999999971,0.045838943116795594,92.04010000000017
3.4164,-8.0000,0.006081959661997871,0.0049000000000000155,0.041189835072366066,82.57700000000023
3.5164,-8.0000,0.00553734138199502,0.0043999999999999595,0.03650917199596093,73.06449999999995
3.6164,-8.0000,0.005020603841984439,0.0040000000000000036,0.03298552675866695,65.94350000000031
3.7164,-8.0000,0.004540618591988732,0.0035999999999999366,0.029609138337260088,59.12940000000026
3.8164,-8.0000,0.004101637112000844,0.0032999999999999696,0.02641156176371584,52.68060000000014
3.9164,-8.0000,0.003704720362009084,0.0030000000000000027,0.02375042073375966,47.33530000000019
4.1164,-8.0000,0.003020243811988621,0.0023999999999999577,0.018785762369572523,37.47380000000021
4.3164,-8.0000,0.0024943693219938723,0.0019000000000000128,0.014893975092561296,29.622699999999895
4.5164,-8.0000,0.0020789881720020276,0.0014999999999999458,0.012043503870750594,23.91190000000006
4.7164,-8.0000,0.0017496369019909253,0.0012999999999999678,0.00981361494446309,19.44380000000001
4.9164,-8.0000,0.0014862702119842197,0.0010000000000000009,0.008057051497811996,15.932200000000194
5.1164,-8.0000,0.0012737518519827518,0.0009000000000000119,0.0066791484348702745,13.166700000000219
5.3164,-8.0000,0.0011004068219904184,0.0006999999999999229,0.005585240659710444,11.003099999999904
5.5164,-8.0000,0.0009573427620068742,0.0005999999999999339,0.004733254796364772,9.304200000000037
5.7164,-8.0000,0.0008381079119885726,0.0004999999999999449,0.004049562436889809,7.94170000000031
5.9164,-8.0000,0.0007380311620011071,0.0004999999999999449,0.003481571861326027,6.8245999999999185
2.4164,-6.0000,-0.0023512000280163647,0.0006999999999999229,0.07507993941433866,149.67790000000014
2.5164,-6.0000,0.0027170639019971077,0.0040999999999999925,0.08242174352070009,165.90700000000015
2.6164,-6.0000,0.005723881661992891,0.006000000000000005,0.08565087512622005,173.29080000000022
2.7164,-6.0000,0.0073526460020048034,0.007000000000000006,0.08286351396836067,167.8077000000003
2.8164,-6.0000,0.008086223731993414,0.007299999999999973,0.07758330528441593,157.11200000000008
2.9164,-6.0000,0.008253810801988948,0.007099999999999995,0.07105141366543244,143.80050000000028
3.0164,-6.0000,0.008076857101997348,0.006799999999999917,0.06438278357455396,130.07780000000002
3.1164,-6.0000,0.007698773632000666,0.006299999999999972,0.05787192864355417,116.63779999999997
3.2164,-6.0000,0.0072101530119823565,0.005900000000000016,0.05184491753618303,104.23710000000028
3.3164,-6.0000,0.006668727152003839,0.00539999999999996,0.04634382362840783,92.97589999999991
3.4164,-6.0000,0.006112661922003326,0.0049000000000000155,0.04149486704813188,83.11619999999994
3.5164,-6.0000,0.005567510551998112,0.0044999999999999485,0.03724545607539553,74.48270000000002
3.6164,-6.0000,0.005049627681984248,0.0040999999999999925,0.03338522383036013,66.67000000000007
3.7164,-6.0000,0.004568388841988735,0.0036999999999999256,0.029893133625041868,59.64380000000028
3.8164,-6.0000,0.004128040381999654,0.0032999999999999696,0.026811258835408913,53.45049999999992
3.9164,-6.0000,0.0037179181819908536,0.0030000000000000027,0.023592645573880855,47.11169999999993
4.1164,-6.0000,0.003048070511994183,0.0023999999999999577,0.018922500841467516,37.73100000000022
4.3164,-6.0000,0.002516851451986213,0.0019000000000000128,0.015209525412319014,30.26870000000008
4.5164,-6.0000,0.0020978296919906825,0.0015999999999999348,0.012138168966677743,24.066600000000108
4.7164,-6.0000,0.0017654604720007683,0.0012999999999999678,0.009866206664422728,19.53780000000006
4.9164,-6.0000,0.0014998141020043931,0.0010999999999999899,0.008088606529787712,15.982500000000073
5.1164,-6.0000,0.0012855716219917213,0.0009000000000000119,0.00668966677886218,13.185199999999895
5.3164,-6.0000,0.0011108790120033518,0.0006999999999999229,0.00559575900370235,11.000900000000001
5.5164,-6.0000,0.0009667022419819205,0.0005999999999999339,0.004733254796364772,9.289600000000064
5.7164,-6.0000,0.0008465073619845498,0.0004999999999999449,0.004039044092897903,7.920399999999972
5.9164,-6.0000,0.0007455896320038846,0.0004999999999999449,0.0034710535173342327,6.79950000000008
2.4164,-5.0000,-0.0024438199079952483,0.00039999999999995595,0.07493268259845154,149.08629999999994
2.5164,-5.0000,0.0026653603420072614,0.0039000000000000146,0.08286351396836067,166.57549999999992
2.6164,-5.0000,0.005688403861995539,0.005900000000000016,0.08328424772803755,167.9992000000002
2.7164,-5.0000,0.00733707375198378,0.006900000000000017,0.08249537192864342,166.88920000000007
2.8164,-5.0000,0.008080267711989109,0.007199999999999984,0.07741501178054522,156.65520000000015
2.9164,-5.0000,0.008254033712006503,0.007099999999999995,0.07109348704140006,143.76440000000002
3.0164,-5.0000,0.008081028562003212,0.006799999999999917,0.06449848535846514,130.22970000000032
3.1164,-5.0000,0.007705255531988087,0.006399999999999961,0.05771415348367537,116.23360000000002
3.2164,-5.0000,0.007218641571995477,0.005900000000000016,0.052002692696061836,104.50669999999991
3.3164,-5.0000,0.0066783010219921835,0.00539999999999996,0.046575227196230085,93.41440000000011
3.4164,-5.0000,0.006122858091998751,0.0050000000000000044,0.04167367889599449,83.4349000000002
3.5164,-5.0000,0.005577978331984923,0.0044999999999999485,0.03734012117132257,74.64589999999998
3.6164,-5.0000,0.00506012664200739,0.0040999999999999925,0.03351144395826322,66.91120000000001
3.7164,-5.0000,0.004578723241991156,0.0036999999999999256,0.030071945472904593,60.002500000000055
3.8164,-5.0000,0.004126292141990007,0.0032999999999999696,0.026380006731740235,52.72029999999995
3.9164,-5.0000,0.003731124111993722,0.0030000000000000027,0.023634718949848366,47.194400000000314
4.1164,-5.0000,0.0030590777419945425,0.0023999999999999577,0.018954055873443232,37.7787000000003
4.3164,-5.0000,0.002525987002002239,0.0019000000000000128,0.01522004375631092,30.290899999999965
4.5164,-5.0000,0.0021054596119824964,0.0014999999999999458,0.012148687310669648,24.091300000000047
4.7164,-5.0000,0.0017719276719958543,0.0012999999999999678,0.009876725008414633,19.544000000000324
4.9164,-5.0000,0.0015054033719934523,0.0010999999999999899,0.008088606529787712,15.97569999999996
5.1164,-5.0000,0.0012905003320042852,0.0009000000000000119,0.0066791484348702745,13.169200000000274
5.3164,-5.0000,0.0011152922919848152,0.0008000000000000229,0.005585240659710444,10.979499999999916
5.5164,-5.0000,0.0009706861519873655,0.0005999999999999339,0.0047227364523726445,9.266000000000076
5.7164,-5.0000,0.0008501148419952642,0.0005999999999999339,0.004028525748905998,7.896600000000035
5.9164,-5.0000,0.0007488615619877237,0.0004999999999999449,0.0034605351733423273,6.775900000000092
2.4164,-4.0000,-0.0025326497579953866,0.00019999999999997797,0.07133540895321422,141.25469999999996
2.5164,-4.0000,0.0026079375419953976,0.0036999999999999256,0.08300025244025577,166.63820000000032
2.6164,-4.0000,0.005656425202005266,0.005799999999999916,0.083778609895658,168.8373999999999
2.7164,-4.0000,0.007315813952004646,0.006799999999999917,0.08186427128912821,165.44700000000012
2.8164,-4.0000,0.00806848202199717,0.007199999999999984,0.07691013126893298,155.51690000000008
2.9164,-4.0000,0.008248713831989107,0.007099999999999995,0.0709777852574891,143.41510000000017
3.0164,-4.0000,0.008080043301987416,0.006799999999999917,0.06450900370245705,130.15570000000025
3.1164,-4.0000,0.007707571601997643,0.006399999999999961,0.05809281386738452,116.9326000000001
3.2164,-4.0000,0.00722283499200671,0.005900000000000016,0.052034247728037775,104.50700000000006
3.3164,-4.0000,0.006684021652006322,0.00539999999999996,0.04656470885223818,93.31780000000026
3.4164,-4.0000,0.006129589611987285,0.0050000000000000044,0.041715752271962225,83.45110000000022
3.5164,-4.0000,0.0055853659220019836,0.0044999999999999485,0.03742426792325804,74.78099999999995
3.6164,-4.0000,0.005067862261995515,0.0040999999999999925,0.03357455402221465,66.9961000000003
3.7164,-4.0000,0.004575196312003982,0.0036999999999999256,0.029451363177381285,58.88869999999997
3.8164,-4.0000,0.004137839451999525,0.0032999999999999696,0.026401043419723935,52.74270000000024
3.9164,-4.0000,0.003741827441984924,0.0030000000000000027,0.02364523729384027,47.20540000000028
4.1164,-4.0000,0.003068144211994195,0.0023999999999999577,0.018954055873443232,37.771400000000085
4.3164,-4.0000,0.002533607431985274,0.0019000000000000128,0.01522004375631092,30.270600000000286
4.5164,-4.0000,0.0021119000119824705,0.0015999999999999348,0.012148687310669648,24.08010000000013
4.7164,-4.0000,0.0017774390919953476,0.0012999999999999678,0.009866206664422728,19.52260000000024
4.9164,-4.0000,0.0015102118619836347,0.0010999999999999899,0.008078088185795806,15.947400000000016
5.1164,-4.0000,0.0012947820920032882,0.0009000000000000119,0.00666863009087848,13.13630000000012
5.3164,-4.0000,0.0011191632119960104,0.0008000000000000229,0.005564203971726633,10.944500000000062
5.5164,-4.0000,0.0009742114120001588,0.0005999999999999339,0.004701699764388834,9.231400000000122
5.7164,-4.0000,0.0008533318919887734,0.0005999999999999339,0.004018007404914092,7.863600000000133
5.9164,-4.0000,0.0007517992819998653,0.0004999999999999449,0.003450016829350422,6.7447000000001935
2.4164,-3.0000,-0.002622488328000827,-9.999999999998899e-05,0.06954729047458763,137.24749999999995
2.5164,-3.0000,0.0025479210519847584,0.0035999999999999366,0.08103332211376635,162.2847999999999
2.6164,-3.0000,0.005616866011990851,0.005699999999999927,0.08399949511948834,169.08130000000028
2.7164,-3.0000,0.007287607451985423,0.006799999999999917,0.08104384045775825,163.48250000000007
2.8164,-3.0000,0.008051009041992074,0.007099999999999995,0.07649991585324811,154.51940000000013
2.9164,-3.0000,0.00823782848200949,0.007099999999999995,0.07072534500168293,142.7759000000001
3.0164,-3.0000,0.008073868502009418,0.006799999999999917,0.06439330191854586,129.8081000000002
3.1164,-3.0000,0.007704838442009532,0.006399999999999961,0.058103332211376424,116.8755000000001
3.2164,-3.0000,0.007222664691994396,0.005900000000000016,0.05210787613598111,104.57819999999992
3.3164,-3.0000,0.0066858343319893265,0.00539999999999996,0.04652263547627067,93.19230000000016
3.4164,-3.0000,0.006132830251999621,0.0050000000000000044,0.041715752271962225,83.42669999999998
3.5164,-3.0000,0.005589620822007646,0.0044999999999999485,0.03742426792325804,74.72900000000027
3.6164,-3.0000,0.005062432252003646,0.0040999999999999925,0.03281723325479635,65.64780000000019
3.7164,-3.0000,0.004584338542002797,0.0036999999999999256,0.02944084483338938,58.83020000000033
3.8164,-3.0000,0.004146548191982902,0.0032999999999999696,0.026380006731740235,52.68249999999989
3.9164,-3.0000,0.0037500323520021084,0.0030000000000000027,0.02362420060585646,47.14409999999998
4.1164,-3.0000,0.0030752745819881966,0.0023999999999999577,0.01893301918545942,37.70859999999993
4.3164,-3.0000,0.002539718691991766,0.0019000000000000128,0.015188488724335203,30.207400000000234
4.5164,-3.0000,0.002116903051984309,0.0015999999999999348,0.012264389094581052,24.333900000000085
4.7164,-3.0000,0.001782002821983042,0.0012999999999999678,0.009845169976438806,19.47330000000011
4.9164,-3.0000,0.0015142475219818152,0.0010999999999999899,0.008057051497811996,15.897400000000289
5.1164,-3.0000,0.00129842405200975,0.0009000000000000119,0.006647593402894447,13.086299999999937
5.3164,-3.0000,0.0011224978919983641,0.0008000000000000229,0.0055431672837428225,10.895899999999983
5.5164,-3.0000,0.0009772831720056274,0.0005999999999999339,0.004680663076405134,9.1858000000002
5.7164,-3.0000,0.0008561629420000827,0.0005999999999999339,0.0039969707169300595,7.821600000000217
5.9164,-3.0000,0.000754406661997109,0.0004999999999999449,0.0034289801413665,6.706300000000283
2.4164,-2.0000,-0.0027109784280128224,-0.000300000000000078,0.06747517670817893,132.6884
2.5164,-2.0000,0.002484761311990269,0.0033999999999999586,0.0796554190508244,159.19860000000017
2.6164,-2.0000,0.0055699131519872935,0.005599999999999938,0.08391534836755288,168.71810000000005
2.7164,-2.0000,0.007256381611995266,0.006699999999999928,0.08108591383372588,163.39620000000014
2.8164,-2.0000,0.008026582621994294,0.007099999999999995,0.07593192527768433,153.1262999999999
2.9164,-2.0000,0.00821626439199008,0.007099999999999995,0.06896878155503194,138.89809999999989
3.0164,-2.0000,0.008062256702004333,0.006699999999999928,0.06443537529451349,129.71640000000025
3.1164,-2.0000,0.00769734260200039,0.006299999999999972,0.05792452036351381,116.41339999999991
3.2164,-2.0000,0.007218245832007142,0.005900000000000016,0.05182388084819922,103.95409999999993
3.3164,-2.0000,0.0066837389420015825,0.00539999999999996,0.0464279703803433,92.94660000000022
3.4164,-2.0000,0.006122266282005739,0.0049000000000000155,0.04067443621676192,81.48060000000032
3.5164,-2.0000,0.005582028551998519,0.0044999999999999485,0.036498653651969026,73.04109999999991
3.6164,-2.0000,0.005068249511992917,0.0040999999999999925,0.0327541231908447,65.48320000000012
3.7164,-2.0000,0.004590273581982274,0.0036999999999999256,0.02936721642544582,58.676400000000285
3.8164,-2.0000,0.004152431541996293,0.0032999999999999696,0.02631689666778858,52.53909999999996
3.9164,-2.0000,0.003755750751992082,0.0030000000000000027,0.023571608885897044,47.01020000000017
4.1164,-2.0000,0.0030804793219942894,0.0023999999999999577,0.018880427465499672,37.590000000000146
4.3164,-2.0000,0.002544331001985256,0.0019000000000000128,0.01514641534836747,30.101100000000315
4.5164,-2.0000,0.0021209597719860085,0.0015999999999999348,0.012211797374621303,24.238800000000083
4.7164,-2.0000,0.0017856292120086437,0.0012999999999999678,0.00981361494446309,19.396200000000135
4.9164,-2.0000,0.0015175201019985707,0.0010999999999999899,0.00802549646583628,15.825900000000274
5.1164,-2.0000,0.0013014348120066188,0.0009000000000000119,0.006616038370918731,13.01929999999993
5.3164,-2.0000,0.0011253036119853732,0.0008000000000000229,0.005511612251766884,10.833800000000338
5.5164,-2.0000,0.0009799075220087161,0.0006999999999999229,0.004659626388421434,9.12920000000031
5.7164,-2.0000,0.0008586131519905393,0.0005999999999999339,0.003975934028946249,7.770600000000286
5.9164,-2.0000,0.0007566880119895814,0.0004999999999999449,0.003407943453382689,6.6603000000000065
2.4164,-1.0000,-0.0027983013980019678,-0.000500000000000056,0.06542409962975437,128.1809000000003
2.5164,-1.0000,0.0024189550019855233,0.0031999999999999806,0.07808818579602828,155.73420000000033
2.6164,-1.0000,0.005521885261998705,0.00539999999999996,0.08122265230562098,163.04240000000027
2.7164,-1.0000,0.007217287222005098,0.006599999999999939,0.0808439919219116,162.74000000000024
2.8164,-1.0000,0.007998789422003938,0.007099999999999995,0.07576363177381362,152.61860000000024
2.9164,-1.0000,0.008198092361993758,0.007000000000000006,0.06908448333894313,139.07450000000017
3.0164,-1.0000,0.008042162012003473,0.006699999999999928,0.06463522383036013,130.20190000000002
3.1164,-1.0000,0.007680081182002141,0.006299999999999972,0.05649402558061245,113.57400000000007
3.2164,-1.0000,0.0072030919820065265,0.005799999999999916,0.05054064288118476,101.44560000000001
3.3164,-1.0000,0.006670936181990328,0.00539999999999996,0.045218360821272285,90.64540000000034
3.4164,-1.0000,0.0061224054219906066,0.0049000000000000155,0.040527179400875024,81.14899999999989
3.5164,-1.0000,0.005583403022001221,0.0044999999999999485,0.03636191518007392,72.73880000000008
3.6164,-1.0000,0.005070459791994608,0.0040999999999999925,0.03262790306294183,65.20839999999998
3.7164,-1.0000,0.0045930261319995225,0.0036999999999999256,0.029262032985526765,58.42689999999993
3.8164,-1.0000,0.004155511531990896,0.0032999999999999696,0.026211713227869526,52.31230000000005
3.9164,-1.0000,0.0037590023219991053,0.0030000000000000027,0.023476943789969562,46.80340000000024
4.1164,-1.0000,0.003083774711996057,0.0023999999999999577,0.01879628071356443,37.415500000000065
4.3164,-1.0000,0.002547458861982932,0.0019000000000000128,0.015072786940424132,29.951700000000073
4.5164,-1.0000,0.002123850102009328,0.0015999999999999348,0.012159205654661553,24.110400000000027
4.7164,-1.0000,0.0017883309319870477,0.0012999999999999678,0.00976102322450334,19.29130000000032
4.9164,-1.0000,0.001520041101997549,0.0010999999999999899,0.007983423089868658,15.732800000000225
5.1164,-1.0000,0.0013038243720018272,0.0009000000000000119,0.006573964994951331,12.935500000000047
5.3164,-1.0000,0.0011275887719932598,0.0008000000000000229,0.005480057219791168,10.758299999999963
5.5164,-1.0000,0.0009820914920055657,0.0006999999999999229,0.004628071356445607,9.061799999999948
5.7164,-1.0000,0.0008606884520077074,0.0005999999999999339,0.003944378996970754,7.710700000000088
5.9164,-1.0000,0.0007586484919954728,0.0004999999999999449,0.0033869067653988782,6.606999999999971
2.4164,0.0000,-0.002884092177993125,-0.0008000000000000229,0.06342561427128912,123.78600000000006
2.5164,0.0000,0.002350863781998669,0.0030000000000000027,0.07628954897340945,151.72400000000016
2.6164,0.0000,0.005467409491984654,0.005199999999999982,0.07977112083473581,159.86470000000008
2.7164,0.0000,0.007174918201997116,0.006399999999999961,0.07838269942780207,157.5607
2.8164,0.0000,0.007962819461994286,0.006900000000000017,0.07565844833389412,152.14840000000004
2.9164,0.0000,0.00817185345198368,0.006900000000000017,0.06912655671491075,139.11329999999998
3.0164,0.0000,0.008022818511989271,0.006599999999999939,0.06466677886233585,130.2126000000003
3.1164,0.0000,0.007666107951990853,0.006199999999999983,0.05618899360484664,112.89440000000013
3.2164,0.0000,0.007193233842002655,0.005799999999999916,0.050267165937394775,100.8397
3.3164,0.0000,0.006664191172006895,0.005299999999999971,0.044976438909458016,90.10550000000012
3.4164,0.0000,0.006121598471992229,0.0049000000000000155,0.041168798384382255,82.1853000000001
3.5164,0.0000,0.005581533311982412,0.0044999999999999485,0.03601480982834071,71.88830000000007
3.6164,0.0000,0.005069815691996382,0.0040999999999999925,0.032301834399191987,64.42509999999993
3.7164,0.0000,0.004593262211983529,0.0036999999999999256,0.028957001009760952,57.709499999999935
3.8164,0.0000,0.004155819121990589,0.0032999999999999696,0.02607497475597431,52.00260000000026
3.9164,0.0000,0.003759811991983497,0.0030000000000000027,0.02334020531807479,46.52410000000009
4.1164,0.0000,0.0030851759019867586,0.0023999999999999577,0.018691097273645263,37.1854000000003
4.3164,0.0000,0.002549110841982838,0.0019000000000000128,0.014978121844496761,29.759500000000116
4.5164,0.0000,0.0021255782920093225,0.0015999999999999348,0.01207505890272631,23.948699999999917
4.7164,0.0000,0.0017901134619933146,0.0012999999999999678,0.009697913160551908,19.152399999999943
4.9164,0.0000,0.0015310440219877819,0.0010999999999999899,0.008509340289464706,16.747400000000198
5.1164,0.0000,0.0013166972719886871,0.0009000000000000119,0.006857960282732889,13.495400000000245
5.3164,0.0000,0.0011293523319864107,0.0008000000000000229,0.005437983843823435,10.662499999999909
5.5164,0.0000,0.0009838326020030763,0.0006999999999999229,0.004585997980477985,8.976599999999962
5.7164,0.0000,0.0008623853719882391,0.0005999999999999339,0.0039023056210029106,7.635000000000218
5.9164,0.0000,0.0007602839820037843,0.0004999999999999449,0.00335535173342294,6.539400000000114
2.4164,1.0000,-0.002968126517998826,-0.0010000000000000009,0.061437647256815775,119.4671000000003
2.5164,1.0000,0.002280380412003069,0.0027999999999999137,0.07454350387075048,147.85760000000028
2.6164,1.0000,0.00540857862199573,0.005099999999999993,0.07826699764389089,156.54160000000002
2.7164,1.0000,0.007126112311993893,0.006299999999999972,0.07712049814877153,154.77700000000004
2.8164,1.0000,0.007923871461997578,0.006799999999999917,0.07328130259171994,147.3094000000001
2.9164,1.0000,0.008137641021988884,0.006799999999999917,0.06911603837091884,139.01290000000017
3.0164,1.0000,0.007997138522000569,0.006599999999999939,0.06211082127229883,124.85150000000021
3.1164,1.0000,0.007645821061998959,0.006199999999999983,0.05575774150117796,111.95859999999993
3.2164,1.0000,0.0071783496619843845,0.005699999999999927,0.04982539548973397,99.78510000000006
3.3164,1.0000,0.00665313833198411,0.005299999999999971,0.04454518680578923,89.07410000000027
3.4164,1.0000,0.006109878091990595,0.0049000000000000155,0.03990659710535149,79.68920000000026
3.5164,1.0000,0.0055748640519937,0.0043999999999999595,0.03578340626051835,71.39769999999999
3.6164,1.0000,0.005064936632010131,0.0040000000000000036,0.03210198586334556,63.983900000000176
3.7164,1.0000,0.004589781911988666,0.0036999999999999256,0.02877818916189845,57.3110999999999
3.8164,1.0000,0.004153986251992592,0.0031999999999999806,0.0257699427802085,51.29340000000002
3.9164,1.0000,0.0037582219719922705,0.0030000000000000027,0.02317191181420397,46.17290000000003
4.1164,1.0000,0.003084731401997942,0.0023999999999999577,0.01855435880175027,36.90000000000009
4.3164,1.0000,0.0025493405919974066,0.0019000000000000128,0.014872938404577485,29.52469999999994
4.5164,1.0000,0.002126201652004056,0.0015999999999999348,0.011980393806798939,23.754100000000108
4.7164,1.0000,0.0017906146019868174,0.0012999999999999678,0.00973998653651953,19.26389999999992
4.9164,1.0000,0.0015341937819925988,0.0010999999999999899,0.008067569841803901,15.905999999999949
5.1164,1.0000,0.0013202496620010606,0.0009000000000000119,0.007099882194547158,13.938900000000103
5.3164,1.0000,0.0011454188019968115,0.0006999999999999229,0.0059744193874115,11.700900000000274
5.5164,1.0000,0.0009851709619965732,0.0006999999999999229,0.004543924604510141,8.894999999999982
5.7164,1.0000,0.000863741801993001,0.0005999999999999339,0.0038707505890271943,7.5646999999999025
5.9164,1.0000,0.0007616302519863893,0.0004999999999999449,0.0033237967014472236,6.478700000000117
2.4164,2.0000,-0.0030502095580118294,-0.0011999999999999789,0.059460198586334445,115.16010000000006
2.5164,2.0000,0.002207690782000782,0.0025999999999999357,0.07276590373611569,143.99900000000025
2.6164,2.0000,0.005345536302002074,0.0049000000000000155,0.07669976438909454,153.058
2.7164,2.0000,0.007072132221992433,0.006099999999999994,0.07582674183776483,151.8998999999999
2.8164,2.0000,0.007878085161991066,0.006699999999999928,0.07217687647256821,144.88660000000027
2.9164,2.0000,0.008095582262001244,0.006699999999999928,0.0690318916189836,138.7728000000002
3.0164,2.0000,0.007964456341994719,0.00649999999999995,0.06156386738471875,123.52430000000004
3.1164,2.0000,0.007619923832010045,0.006099999999999994,0.05523182430158169,110.68420000000015
3.2164,2.0000,0.00715734297199333,0.005599999999999938,0.04937310669808137,98.79449999999997
3.3164,2.0000,0.006636416981990578,0.005299999999999971,0.044166526422079966,88.22870000000012
3.4164,2.0000,0.006096599401985259,0.0047999999999999154,0.039570010097610187,78.95580000000018
3.5164,2.0000,0.005564354241982983,0.0043999999999999595,0.03548889262874444,70.7528000000002
3.6164,2.0000,0.005056655451994629,0.0039000000000000146,0.03182850891955569,63.41150000000016
3.7164,2.0000,0.0045832945419874704,0.0035999999999999366,0.028536267250083958,56.79989999999998
3.8164,2.0000,0.004148942461995375,0.0032999999999999696,0.025559575900370057,50.83490000000029
3.9164,2.0000,0.0037548861219818264,0.0030000000000000027,0.02286687983843827,45.45499999999993
4.1164,2.0000,0.0030824539319951327,0.0023999999999999577,0.01838606529787934,36.5603000000001
4.3164,2.0000,0.0025481447019899406,0.0019000000000000128,0.014736199932682492,29.2479000000003
4.5164,2.0000,0.0021257055620083065,0.0015999999999999348,0.011875210366879774,23.527100000000246
4.7164,2.0000,0.001790585181993265,0.0012999999999999678,0.00964532144059238,19.076100000000224
4.9164,2.0000,0.0015372307919960804,0.0010999999999999899,0.008488303601480895,16.680499999999938
5.1164,2.0000,0.0013233372820025124,0.0009000000000000119,0.007099882194547158,13.928200000000288
5.3164,2.0000,0.0011486254319947875,0.0006999999999999229,0.005984937731403406,11.720800000000054
5.5164,2.0000,0.0010039438419937596,0.0005999999999999339,0.0051329518680579556,10.028999999999996
5.7164,2.0000,0.0008647354019899467,0.0005999999999999339,0.0038286772130594615,7.478900000000067
5.9164,2.0000,0.0007626647419840538,0.0004999999999999449,0.00328172332547938,6.403999999999996
2.4164,3.0000,-0.00313020032800182,-0.0014000000000000679,0.05753534163581275,110.99890000000005
2.5164,3.0000,0.002133246552006085,0.0023999999999999577,0.07073586334567483,139.5565999999999
2.6164,3.0000,0.005278255381995223,0.0046999999999999265,0.07491164591046773,149.18380000000025
2.7164,3.0000,0.0070130734719953125,0.006000000000000005,0.07417536183103324,148.33260000000018
2.8164,3.0000,0.00782725742200796,0.006599999999999939,0.07120918882531135,142.65740000000005
2.9164,3.0000,0.008057050781985708,0.006699999999999928,0.06692822282059907,134.09760000000006
3.0164,3.0000,0.007928805931982197,0.006399999999999961,0.06118520700100982,122.55169999999998
3.1164,3.0000,0.007587752751987864,0.006000000000000005,0.05453761359811504,109.17669999999998
3.2164,3.0000,0.007131045232000588,0.005599999999999938,0.04879459777852557,97.53670000000011
3.3164,3.0000,0.006614944371989395,0.005199999999999982,0.043672164254459744,87.16429999999991
3.4164,3.0000,0.006079079301997581,0.0047999999999999154,0.03913875799394151,78.04199999999992
3.5164,3.0000,0.005550075621982842,0.0043999999999999595,0.035120750589027194,69.95749999999998
3.6164,3.0000,0.005045037131992558,0.0040000000000000036,0.03150244025580606,62.71230000000014
3.7164,3.0000,0.004573859922004431,0.0035999999999999366,0.028241753618310272,56.18090000000029
3.8164,3.0000,0.004141300652008795,0.0032999999999999696,0.025296617300571977,50.28410000000031
3.9164,3.0000,0.0037487160919909,0.0029000000000000137,0.022635476270616017,44.96309999999994
4.1164,3.0000,0.0030783893720069955,0.0023999999999999577,0.01819673510602493,36.166999999999916
4.3164,3.0000,0.002545564711994075,0.0019000000000000128,0.014578424772803578,28.93000000000029
4.5164,3.0000,0.0021241283720030424,0.0015999999999999348,0.011748990238976686,23.26819999999998
4.7164,3.0000,0.0017896985019945078,0.0012999999999999678,0.009540138000673104,18.86349999999993
4.9164,3.0000,0.0015395776819957518,0.0010999999999999899,0.008467266913497085,16.625800000000254
5.1164,3.0000,0.0013259527519835501,0.0009000000000000119,0.007141955570514891,13.994500000000244
5.3164,3.0000,0.0011514842620101717,0.0006999999999999229,0.0059744193874115,11.691400000000158
5.5164,3.0000,0.0010068728819874195,0.0005999999999999339,0.005143470212049861,10.044000000000324
5.7164,3.0000,0.0008857557720034492,0.0004999999999999449,0.004417704476607276,8.606200000000172
5.9164,3.0000,0.0007634047420026491,0.0004999999999999449,0.0032501682935036635,6.322400000000016
2.4164,4.0000,-0.0032079391480124286,-0.0016000000000000458,0.055147677549646446,105.98219999999992
2.5164,4.0000,0.0020569071820091267,0.0021999999999999797,0.06851649276337923,134.85600000000022
2.6164,4.0000,0.0052073906419991545,0.0045999999999999375,0.07316560080780876,145.32610000000022
2.7164,4.0000,0.006949128771992719,0.005799999999999916,0.07269227532817213,145.09850000000006
2.8164,4.0000,0.007771118271989508,0.006399999999999961,0.06987335913833714,139.72540000000026
2.9164,4.0000,0.008008594452007856,0.00649999999999995,0.06539254459777843,130.88860000000022
3.0164,4.0000,0.007887272901996312,0.006399999999999961,0.06031218444968012,120.65570000000025
3.1164,4.0000,0.007554077402005532,0.006000000000000005,0.05471642544597777,109.32279999999992
3.2164,4.0000,0.007099612941999567,0.005599999999999938,0.0480898687310668,96.02309999999989
3.3164,4.0000,0.0065888472219910454,0.005199999999999982,0.043072618646920136,85.89030000000002
3.4164,4.0000,0.006057426411985034,0.0046999999999999265,0.03863387748232905,76.95430000000033
3.5164,4.0000,0.005532123442009151,0.0042999999999999705,0.034668461797374484,69.01650000000018
3.6164,4.0000,0.005030165861995783,0.0039000000000000146,0.031113261528105007,61.89000000000033
3.7164,4.0000,0.004561552231990618,0.0035999999999999366,0.027905166610568743,55.45710000000008
3.8164,4.0000,0.004131125681993808,0.0031999999999999806,0.024991585324806387,49.64360000000033
3.9164,4.0000,0.003740315741993072,0.0029000000000000137,0.022372517670817937,44.39390000000003
4.1164,4.0000,0.0030725821019927935,0.0023999999999999577,0.017986368226186378,35.721500000000106
4.3164,4.0000,0.002541635971994083,0.0019000000000000128,0.014410131268932869,28.571800000000167
4.5164,4.0000,0.0021214988119879763,0.0015999999999999348,0.011612251767081694,22.978200000000015
4.7164,4.0000,0.0017879783019907336,0.0012999999999999678,0.009424436216762033,18.626700000000255
4.9164,4.0000,0.0015405545619842087,0.0010999999999999899,0.008256900033658754,16.27489999999989
5.1164,4.0000,0.0013282950419863937,0.0009000000000000119,0.007078845506563347,13.85570000000007
5.3164,4.0000,0.001153991581986702,0.0006999999999999229,0.0058797542914842404,11.500700000000052
5.5164,4.0000,0.00100950881198969,0.0005999999999999339,0.005101396836082017,9.956300000000283
5.7164,4.0000,0.0008884252019925043,0.0004999999999999449,0.004396667788623243,8.5604000000003
5.9164,4.0000,0.0007638582519859938,0.0004999999999999449,0.003208094917536264,6.234200000000328
2.4164,5.0000,-0.0032833157480069985,-0.0018000000000000238,0.05338059575900356,102.20640000000003
2.5164,5.0000,0.0019790575319973414,0.0020000000000000018,0.06660215415684945,130.6797999999999
2.6164,5.0000,0.0051326900519939045,0.0043999999999999595,0.07131437226523041,141.30960000000005
2.7164,5.0000,0.006880687802009788,0.005699999999999927,0.07108296869740816,141.55130000000008
2.8164,5.0000,0.007709585741991987,0.006299999999999972,0.06896878155503194,137.65200000000004
2.9164,5.0000,0.007955158522008787,0.006399999999999961,0.06411982497475577,128.13700000000017
3.0164,5.0000,0.007841115031993695,0.006299999999999972,0.059312941770447436,118.48420000000033
3.1164,5.0000,0.007514499841988709,0.005900000000000016,0.05402221474251068,107.78900000000021
3.2164,5.0000,0.007068325131996289,0.005499999999999949,0.04871045102659033,97.04350000000022
3.3164,5.0000,0.0065620056319914966,0.005099999999999993,0.04360905419050831,86.80330000000004
3.4164,5.0000,0.006032345242005022,0.0046999999999999265,0.03930705149781211,78.11670000000004
3.5164,5.0000,0.00551116360199444,0.0042999999999999705,0.03538370918882516,70.26459999999997
3.6164,5.0000,0.00501270480199878,0.0039000000000000146,0.0318495456075395,63.17990000000009
3.7164,5.0000,0.0045470579919992815,0.0034999999999999476,0.028641450690003234,56.75980000000027
3.8164,5.0000,0.0041234088919850365,0.0031999999999999806,0.02589616290811181,51.31050000000005
3.9164,5.0000,0.003736131782005714,0.0029000000000000137,0.023161393470211844,45.86360000000013
4.1164,5.0000,0.003065081741993936,0.0022999999999999687,0.01774444631437222,35.22490000000016
4.3164,5.0000,0.0025363977219967637,0.0019000000000000128,0.01422080107707846,28.17450000000008
4.5164,5.0000,0.0021178484520021357,0.0015999999999999348,0.01145447660720278,22.657900000000154
4.7164,5.0000,0.0017854503219894013,0.0012999999999999678,0.009298216088858946,18.366300000000138
4.9164,5.0000,0.0015196342920091865,0.0010999999999999899,0.007615281050151412,14.996599999999944
5.1164,5.0000,0.0013301293919880663,0.0009000000000000119,0.0069421070346683544,13.615600000000086
5.3164,5.0000,0.0011561454419961592,0.0006999999999999229,0.006069084483338871,11.85069999999996
5.5164,5.0000,0.0010115263220029647,0.0005999999999999339,0.004670144732413339,9.196600000000217
5.7164,5.0000,0.0008907840320091509,0.0004999999999999449,0.004564961292493952,8.876500000000306
5.9164,5.0000,0.0007886109119965568,0.0004999999999999449,0.003860232245035289,7.4996000000001
2.4164,6.0000,-0.003356318747989917,-0.0020000000000000018,0.051434702120497944,98.06370000000015
2.5164,6.0000,0.0018996023019894892,0.0017999999999999128,0.06478248064624692,126.69399999999996
2.6164,6.0000,0.00505454165198671,0.0041999999999999815,0.0692107034668461,136.8045000000002
2.7164,6.0000,0.0068077115919891185,0.005499999999999949,0.06927381353079776,137.66510000000017
2.8164,6.0000,0.007644186841986311,0.006099999999999994,0.06675992931672814,133.0574999999999
2.9164,6.0000,0.007897023381985946,0.006299999999999972,0.06273140356782214,125.16690000000017
3.0164,6.0000,0.007790493182000091,0.006099999999999994,0.05818747896331189,116.0607
3.1164,6.0000,0.00747090765199232,0.005799999999999916,0.052717940087512516,105.08050000000003
3.2164,6.0000,0.0070308172620059395,0.00539999999999996,0.048100387075058926,95.6905999999999
3.3164,6.0000,0.006530126761987276,0.0050000000000000044,0.04311469202288776,85.70610000000033
3.4164,6.0000,0.006007914712000684,0.0045999999999999375,0.0388442443621676,77.13790000000017
3.5164,6.0000,0.005491010101991378,0.0041999999999999815,0.03502608549309982,69.4983000000002
3.6164,6.0000,0.004996659711991924,0.0039000000000000146,0.03158658700774153,62.63700000000017
3.7164,6.0000,0.004534955471996227,0.0034999999999999476,0.02850471221810824,56.458300000000236
3.8164,6.0000,0.004111032261988612,0.0031999999999999806,0.025517502524402436,50.52320000000009
3.9164,6.0000,0.0037261324820008213,0.0027999999999999137,0.022856361494446364,45.228599999999915
4.1164,6.0000,0.003069719321985076,0.0022999999999999687,0.018470212049814805,36.47880000000032
4.3164,6.0000,0.0025298929219843558,0.0019000000000000128,0.014010434197239907,27.739199999999983
4.5164,6.0000,0.0021132115219870684,0.0014999999999999458,0.01128618310333207,22.308300000000145
4.7164,6.0000,0.0017821422320025704,0.0012999999999999678,0.009161477616963953,18.083100000000286
4.9164,6.0000,0.0015172913319929648,0.0010999999999999899,0.0074995792662402305,14.764100000000326
5.1164,6.0000,0.0013316433119996418,0.0009000000000000119,0.006889515314708605,13.48849999999993
5.3164,6.0000,0.0011576992220057036,0.0006999999999999229,0.00552213059575879,10.861900000000333
5.5164,6.0000,0.0010138862919859548,0.0005999999999999339,0.005143470212049861,10.021600000000035
5.7164,6.0000,0.0008929961319950053,0.0005999999999999339,0.004470296196566581,8.684600000000046
5.9164,6.0000,0.0007898596419977366,0.0004999999999999449,0.0034184617973745945,6.77350000000024
2.4164,8.0000,-0.0034949710180001148,-0.0023000000000000798,0.04735358465163231,89.52070000000003
2.5164,8.0000,0.0017375956520027103,0.0013999999999999568,0.05985989565802752,116.31600000000026
2.6164,8.0000,0.004888828832008585,0.0037999999999999146,0.06466677886233585,127.14319999999998
2.7164,8.0000,0.006649570001997063,0.005099999999999993,0.065045439246045,128.6903000000002
2.8164,8.0000,0.007499295792001703,0.005799999999999916,0.06305747223157188,125.14830000000029
2.9164,8.0000,0.0077675047419916154,0.005900000000000016,0.059670565466173,118.64820000000009
3.0164,8.0000,0.0076767248419855605,0.005799999999999916,0.05518975092561429,109.77880000000005
3.1164,8.0000,0.00737181617199667,0.005599999999999938,0.05048805116122501,100.35179999999991
3.2164,8.0000,0.006945274811982927,0.005199999999999982,0.045954644900706776,91.23510000000033
3.3164,8.0000,0.006456548502001169,0.0049000000000000155,0.04153694042409972,82.38750000000027
3.4164,8.0000,0.005945222611984491,0.0044999999999999485,0.037624116459104684,74.57110000000011
3.5164,8.0000,0.005438010212003519,0.0040999999999999925,0.03390062268596428,67.14570000000003
3.6164,8.0000,0.004952263842000093,0.0037999999999999146,0.03062941770447658,60.6228000000001
3.7164,8.0000,0.004498089712001274,0.0033999999999999586,0.027547542914843404,54.50260000000026
3.8164,8.0000,0.004080622292008229,0.0030999999999999917,0.024917956916862827,49.264300000000276
3.9164,8.0000,0.003701345711988324,0.0027999999999999137,0.022404072702793543,44.2799
4.1164,8.0000,0.003053946321983858,0.0021999999999999797,0.01786014809828318,35.24470000000019
4.3164,8.0000,0.002513273381993031,0.0019000000000000128,0.01352659037361148,26.76050000000032
4.5164,8.0000,0.0021011275719899913,0.0014999999999999458,0.010897004375631014,21.52559999999994
4.7164,8.0000,0.0017733051519996934,0.0012999999999999678,0.00885644564119814,17.451800000000276
4.9164,8.0000,0.0015108144320095107,0.0010000000000000009,0.007247139010434167,14.24810000000025
5.1164,8.0000,0.0013334379420086862,0.0009000000000000119,0.0069421070346683544,13.547399999999925
5.3164,8.0000,0.0011606948220048707,0.0006999999999999229,0.005921827667451751,11.528099999999995
5.5164,8.0000,0.0010171254619990577,0.0005999999999999339,0.005122433524065828,9.951000000000022
5.7164,8.0000,0.0008958351919829965,0.0004999999999999449,0.0038076405250756507,7.472299999999905
5.9164,8.0000,0.0007937593819917765,0.0004999999999999449,0.0032501682935036635,6.372299999999996
2.4164,10.0000,-0.0036237682180058073,-0.0027000000000000357,0.042998990238976575,80.50109999999995
2.5164,10.0000,0.001571992532007016,0.0010000000000000009,0.05487420060585657,105.85490000000027
2.6164,10.0000,0.004712229652000133,0.0032999999999999696,0.05953382699427778,116.33960000000025
2.7164,10.0000,0.0064770247520016255,0.0046999999999999265,0.0605856613934701,119.23160000000007
2.8164,10.0000,0.007338568471993767,0.00539999999999996,0.05911309323460101,116.79840000000013
2.9164,10.0000,0.00762218585200003,0.005599999999999938,0.055957590037024496,110.84900000000016
3.0164,10.0000,0.007547645791987634,0.005499999999999949,0.052170986199932545,103.39949999999999
3.1164,10.0000,0.007258333181994203,0.005299999999999971,0.04799520363513965,95.11250000000018
3.2164,10.0000,0.00684628436198409,0.0050000000000000044,0.04375631100639499,86.65740000000005
3.3164,10.0000,0.006370818731994632,0.0046999999999999265,0.03990659710535149,78.95280000000002
3.4164,10.0000,0.005871572211987086,0.0042999999999999705,0.03613051161225156,71.44530000000032
3.5164,10.0000,0.00537523764199932,0.0040000000000000036,0.03279619656681254,64.82380000000012
3.6164,10.0000,0.004899137841988477,0.0036999999999999256,0.02967224840121163,58.61700000000019
3.7164,10.0000,0.004453513062003367,0.0032999999999999696,0.02676918545944107,52.85680000000002
3.8164,10.0000,0.004043505201991593,0.0030000000000000027,0.024023897677549533,47.41249999999991
3.9164,10.0000,0.003670741061995386,0.0026999999999999247,0.02155208683944787,42.51580000000013
4.1164,10.0000,0.0030335016519984492,0.0021999999999999797,0.017492006058566156,34.4670000000001
4.3164,10.0000,0.002525459721994139,0.0017999999999999128,0.014368057892965247,28.226900000000114
4.5164,10.0000,0.0021219472619975477,0.0014999999999999458,0.01164380679905741,22.864900000000034
4.7164,10.0000,0.0017617222819978906,0.0011999999999999789,0.008509340289464706,16.740299999999934
4.9164,10.0000,0.0015021226419946743,0.0010000000000000009,0.006963143722652165,13.669000000000324
5.1164,10.0000,0.0012924008520087682,0.0009000000000000119,0.005743015819589248,11.24330000000009
5.3164,10.0000,0.0011621085619992755,0.0006999999999999229,0.005848199259508635,11.375900000000001
5.5164,10.0000,0.0010177637520030203,0.0005999999999999339,0.0044071861326153705,8.727100000000064
5.7164,10.0000,0.0008981167719923633,0.0004999999999999449,0.003723493773140185,7.29910000000018
5.9164,10.0000,0.0007963374119981381,0.0004999999999999449,0.0031765398855603255,6.219100000000253
2.4164,12.5000,-0.003771089338016509,-0.0030999999999999917,0.03726649276337912,68.72420000000011
2.5164,12.5000,0.001362419041981866,0.0004999999999999449,0.04823712554695381,92.0613000000003
2.6164,12.5000,0.004479846931985776,0.0026999999999999247,0.053222820599124754,103.11490000000003
2.7164,12.5000,0.006244752401983078,0.0040999999999999925,0.054600723662066586,106.67270000000008
2.8164,12.5000,0.00711916433198212,0.0049000000000000155,0.05382236620666436,105.64719999999988
2.9164,12.5000,0.007421555782002542,0.005099999999999993,0.05135055536856281,101.17070000000012
3.0164,12.5000,0.007367701081989253,0.005199999999999982,0.048331790642880956,95.3461000000002
3.1164,12.5000,0.0070991992419919825,0.0050000000000000044,0.044766072029619575,88.29800000000023
3.2164,12.5000,0.006706108612007711,0.0047999999999999154,0.04080065634466501,80.4992000000002
3.3164,12.5000,0.006248729242003037,0.0044999999999999485,0.037666189835072306,74.26450000000023
3.4164,12.5000,0.005765890632005721,0.0040999999999999925,0.0343739481656008,67.7515000000003
3.5164,12.5000,0.0052842244819828466,0.0037999999999999146,0.031165853248064534,61.428499999999985
3.6164,12.5000,0.004821914211987632,0.0034999999999999476,0.02805242342645553,55.26710000000003
3.7164,12.5000,0.00438825248198782,0.0031999999999999806,0.02552802086839434,50.25640000000021
3.8164,12.5000,0.0039885370019874244,0.0029000000000000137,0.022929989902389702,45.151800000000094
3.9164,12.5000,0.003625077792008824,0.0025999999999999357,0.020805284416021363,40.927599999999984
4.1164,12.5000,0.003002725072008161,0.0020999999999999908,0.016997643890945824,33.378200000000106
4.3164,12.5000,0.0025050196019833493,0.0016999999999999238,0.013684365533490284,26.85680000000002
4.5164,12.5000,0.002109055082001987,0.0013999999999999568,0.01109685291147755,21.739300000000185
4.7164,12.5000,0.0017928564519991141,0.0011999999999999789,0.009676876472568097,18.872499999999945
4.9164,12.5000,0.0015387037319953834,0.0010000000000000009,0.007909794681925097,15.427900000000136
5.1164,12.5000,0.0012819251020061984,0.0008000000000000229,0.005416947155839624,10.584200000000237
5.3164,12.5000,0.0011129956019999554,0.0006999999999999229,0.00452288791652633,8.8117000000002
5.5164,12.5000,0.001020570972002588,0.0005999999999999339,0.004827919892292143,9.36660000000029
5.7164,12.5000,0.0008994330719929167,0.0004999999999999449,0.0036077919892292254,7.0482999999999265
5.9164,12.5000,0.0007982326820012986,0.00039999999999995595,0.003071356445641049,6.007000000000062
2.4164,15.0000,-0.0039036748279954736,-0.0035000000000000586,0.031218444968024284,56.41840000000002
2.5164,15.0000,0.0011528588719897925,-9.999999999998899e-05,0.040790138000673104,76.73990000000003
2.6164,15.0000,0.004238764551985241,0.0021999999999999797,0.04636486031639164,88.86880000000019
2.7164,15.0000,0.005998825391998253,0.0033999999999999586,0.04737462133961612,91.70420000000013
2.8164,15.0000,0.00688404147200572,0.0042999999999999705,0.048195052170986186,93.9046000000003
2.9164,15.0000,0.00720483587198828,0.0046999999999999265,0.04663833726018152,91.22960000000012
3.0164,15.0000,0.007172022502004438,0.0047999999999999154,0.044408448333894235,87.0313000000001
3.1164,15.0000,0.006924307131981777,0.0045999999999999375,0.041242426792325815,80.92080000000033
3.2164,15.0000,0.0065514335420004954,0.0044999999999999485,0.038097441938741095,74.82270000000017
3.3164,15.0000,0.006112752662005505,0.0041999999999999815,0.03501556714910792,68.76810000000023
3.4164,15.0000,0.005647771902005161,0.0039000000000000146,0.03224924267923246,63.29170000000022
3.5164,15.0000,0.005182583031995591,0.0035999999999999366,0.02938825311342963,57.683899999999994
3.6164,15.0000,0.004734478052000668,0.0032999999999999696,0.026590373611578455,52.21329999999989
3.7164,15.0000,0.0043137668019994635,0.0030000000000000027,0.02407648939750906,47.289999999999964
3.8164,15.0000,0.003925784401985766,0.0027999999999999137,0.021846600471221778,42.88110000000006
3.9164,15.0000,0.0035723019219915386,0.0024999999999999467,0.01989018848872437,39.01479999999992
4.1164,15.0000,0.002966188531985381,0.0020000000000000018,0.016166694715583962,31.66280000000006
4.3164,15.0000,0.0024803223919889206,0.0016999999999999238,0.013011191518007448,25.465200000000095
4.5164,15.0000,0.0020926498320079645,0.0013999999999999568,0.010518343991921864,20.56760000000031
4.7164,15.0000,0.001782532401989556,0.0011999999999999789,0.009371844496802284,18.263500000000022
4.9164,15.0000,0.0015323081520079995,0.0010000000000000009,0.007699427802086878,14.958000000000084
5.1164,15.0000,0.0013285290019950935,0.0008000000000000229,0.0064372265230561165,12.490099999999984
5.3164,15.0000,0.00110305529199195,0.0006999999999999229,0.004228374284752423,8.217599999999948
5.5164,15.0000,0.0010203117319917965,0.0005999999999999339,0.004712218108380739,9.115800000000036
5.7164,15.0000,0.000902082912006108,0.0004999999999999449,0.004112672500841463,7.939100000000053
5.9164,15.0000,0.000801702941998883,0.00039999999999995595,0.003576236957253287,6.898400000000038
2.4164,20.0000,-0.004127025467994372,-0.0041999999999999815,0.017376304274654752,28.61220000000003
2.5164,20.0000,0.0007465674719924209,-0.0010999999999999899,0.026685038707505826,48.022899999999936
2.6164,20.0000,0.0037501595720073055,0.0010999999999999899,0.03253323796701424,60.438500000000204
2.7164,20.0000,0.005489501341997993,0.0024999999999999467,0.03570977785257479,67.51080000000002
2.8164,20.0000,0.006389091322006379,0.0032999999999999696,0.037003534163581264,70.70000000000027
2.9164,20.0000,0.006742835002000902,0.0037999999999999146,0.03689835072366199,70.97650000000021
3.0164,20.0000,0.006750350352007217,0.0040000000000000036,0.0359937731403569,69.51070000000027
3.1164,20.0000,0.006544400091996749,0.0040000000000000036,0.03435291147761699,66.52160000000003
3.2164,20.0000,0.006212641931995222,0.0037999999999999146,0.03201783911141021,62.16080000000011
3.3164,20.0000,0.005813199192004959,0.0036999999999999256,0.030145573880848153,58.57500000000027
3.4164,20.0000,0.005385149171985404,0.0033999999999999586,0.02784205654661731,54.15000000000009
3.5164,20.0000,0.004954565161995106,0.0031999999999999806,0.025633204308313506,49.890300000000025
3.6164,20.0000,0.004538144881991002,0.0029000000000000137,0.02338227869404219,45.54449999999997
3.7164,20.0000,0.004145873531996358,0.0026999999999999247,0.021320683271625507,41.51729999999998
3.8164,20.0000,0.00378187467200064,0.0024999999999999467,0.018975092561427043,37.07430000000022
3.9164,20.0000,0.0034514364120070695,0.0021999999999999797,0.01759718949848532,34.2514000000001
4.1164,20.0000,0.0028807886419883744,0.0019000000000000128,0.01486242006058558,28.85640000000012
4.3164,20.0000,0.002421070001986436,0.0014999999999999458,0.012032985526758688,23.38720000000012
4.5164,20.0000,0.0020520860620081294,0.0012999999999999678,0.010076573544261058,19.53630000000021
4.7164,20.0000,0.001754854241994508,0.0010999999999999899,0.008320010097610075,16.121599999999944
4.9164,20.0000,0.001513748472007137,0.0009000000000000119,0.00702625378660382,13.576100000000224
5.1164,20.0000,0.001316355401996816,0.0006999999999999229,0.005911309323459957,11.407600000000002
5.3164,20.0000,0.0011528837019909588,0.0005999999999999339,0.005080360148098206,9.789400000000114
5.5164,20.0000,0.001015970271993183,0.0004999999999999449,0.004354594412655621,8.375500000000102
5.7164,20.0000,0.0009002474519945736,0.0004999999999999449,0.003765567149108029,7.236400000000231
5.9164,20.0000,0.000801708132001977,0.00039999999999995595,0.0033027600134634127,6.33809999999994
2.4164,25.0000,-0.004298026307992586,-0.0049000000000000155,0.0033869067653988782,0.8798999999999069
2.5164,25.0000,0.00037639377200093804,-0.0020000000000000018,0.012464237630427366,19.52280000000019
2.6164,25.0000,0.003283906282007365,0.0,0.019301161225176444,33.665899999999965
2.7164,25.0000,0.004991102401987746,0.0013999999999999568,0.023561090541905028,42.8143
2.8164,25.0000,0.005897255671982293,0.0022999999999999687,0.026348451699764297,48.88540000000012
2.9164,25.0000,0.006277474672003791,0.0029000000000000137,0.027505469538875782,51.7171000000003
3.0164,25.0000,0.006320609391991638,0.0031999999999999806,0.02808397845843147,53.2179000000001
3.1164,25.0000,0.0061534421120086336,0.0031999999999999806,0.027263547627061513,51.95020000000022
3.2164,25.0000,0.005860662162007202,0.0031999999999999806,0.02629585997980477,50.29910000000018
3.3164,25.0000,0.005499646841997219,0.0030999999999999917,0.024833810164927472,47.64980000000014
3.4164,25.0000,0.005108724102001361,0.0030000000000000027,0.02338227869404219,44.96820000000025
3.5164,25.0000,0.004713215371992874,0.0027999999999999137,0.02162571524739132,41.63830000000007
3.6164,25.0000,0.004329058932000862,0.0024999999999999467,0.01978500504880487,38.1845000000003
3.7164,25.0000,0.003965982751992669,0.0023999999999999577,0.017849629754291496,34.479499999999916
3.8164,25.0000,0.0036291930520064852,0.0021999999999999797,0.01690297879501823,32.61149999999998
3.9164,25.0000,0.0033205902919917207,0.0020000000000000018,0.01531470885223829,29.55300000000034
4.1164,25.0000,0.002787080741995851,0.0015999999999999348,0.012779787950185084,24.656600000000253
4.3164,25.0000,0.002354335022005216,0.0013999999999999568,0.010718192527768289,20.640499999999975
4.5164,25.0000,0.0020046802119964013,0.0010999999999999899,0.00890903736115789,17.142100000000028
4.7164,25.0000,0.0017211761220039534,0.0009000000000000119,0.007489060922248325,14.38070000000016
4.9164,25.0000,0.001489795821981943,0.0008000000000000229,0.006311006395153029,12.100100000000111
5.1164,25.0000,0.0012993292820056013,0.0006999999999999229,0.005353837091888192,10.260999999999967
5.3164,25.0000,0.001140917952000109,0.0005999999999999339,0.00459651632446989,8.786399999999958
5.5164,25.0000,0.001007798252004477,0.0004999999999999449,0.003965415684954343,7.5779999999999745
5.7164,25.0000,0.0008949311019819106,0.00039999999999995595,0.0035657186132613816,6.789999999999964
