0.8218,2.1361,90.0,-0.15677085300283E+03,0.600107,-0.03994900000000001
0.8318,2.1361,90.0,-0.15677405934169E+03,0.601470,-0.04260900000000001
0.8418,2.1361,90.0,-0.15677689027861E+03,0.602824,-0.045425999999999966
0.8518,2.1361,90.0,-0.15677937409362E+03,0.604164,-0.048401999999999945
0.8618,2.1361,90.0,-0.15678153698463E+03,0.605487,-0.051535
0.8718,2.1361,90.0,-0.15678340318357E+03,0.606790,-0.054823999999999984
0.8818,2.1361,90.0,-0.15678499506408E+03,0.608074,-0.058269000000000015
0.8918,2.1361,90.0,-0.15678633324191E+03,0.609327,-0.06186600000000009
0.9018,2.1361,90.0,-0.15678743666886E+03,0.610550,-0.06561399999999995
0.9118,2.1361,90.0,-0.15678832272060E+03,0.611744,-0.0695
0.9218,2.1361,90.0,-0.15678900727878E+03,0.612904,-0.07352999999999998
0.9318,2.1361,90.0,-0.15678950480719E+03,0.614028,-0.07769499999999996
0.9418,2.1361,90.0,-0.15678982842212E+03,0.615115,-0.08198899999999998
0.9518,2.1361,90.0,-0.15678998995671E+03,0.616163,-0.08640599999999998
0.9618,2.1361,90.0,-0.15679000001918E+03,0.617169,-0.09094000000000002
0.9718,2.1361,90.0,-0.15678986804507E+03,0.618132,-0.09558299999999997
0.9818,2.1361,90.0,-0.15678960234333E+03,0.619050,-0.10032700000000006
0.9918,2.1361,90.0,-0.15678921013821E+03,0.619921,-0.10516599999999998
1.0018,2.1361,90.0,-0.15678869760242E+03,0.620745,-0.11008700000000005
1.0118,2.1361,90.0,-0.15678806988878E+03,0.621519,-0.11508599999999991
1.0218,2.1361,90.0,-0.15678733115514E+03,0.622243,-0.12015100000000001
0.8218,2.2361,90.0,-0.15678458185611E+03,0.535130,-0.06207600000000002
0.8318,2.2361,90.0,-0.15678790965729E+03,0.536281,-0.064504
0.8418,2.2361,90.0,-0.15679085913583E+03,0.537444,-0.06706899999999993
0.8518,2.2361,90.0,-0.15679345910828E+03,0.538617,-0.06977
0.8618,2.2361,90.0,-0.15679573640580E+03,0.539794,-0.07261200000000001
0.8718,2.2361,90.0,-0.15679771599396E+03,0.541416,-0.07538800000000001
0.8818,2.2361,90.0,-0.15679942108312E+03,0.542596,-0.07850500000000005
0.8918,2.2361,90.0,-0.15680087323057E+03,0.543773,-0.081762
0.9018,2.2361,90.0,-0.15680209243562E+03,0.544944,-0.08515700000000004
0.9118,2.2361,90.0,-0.15680309722822E+03,0.546108,-0.08868799999999999
0.9218,2.2361,90.0,-0.15680390475202E+03,0.547262,-0.09235399999999994
0.9318,2.2361,90.0,-0.15680453084217E+03,0.548409,-0.09615299999999993
0.9418,2.2361,90.0,-0.15680499009813E+03,0.549539,-0.10007999999999995
0.9518,2.2361,90.0,-0.15680529595143E+03,0.550653,-0.10413000000000006
0.9618,2.2361,90.0,-0.15680546072862E+03,0.551751,-0.10830499999999998
0.9718,2.2361,90.0,-0.15680549570909E+03,0.552830,-0.11259599999999992
0.9818,2.2361,90.0,-0.15680541117786E+03,0.553890,-0.11699700000000002
0.9918,2.2361,90.0,-0.15680521647346E+03,0.554928,-0.12150400000000006
1.0018,2.2361,90.0,-0.15680492003082E+03,0.555942,-0.126112
1.0118,2.2361,90.0,-0.15680452941960E+03,0.556932,-0.13081300000000007
1.0218,2.2361,90.0,-0.15680405137802E+03,0.557895,-0.135602
0.8218,2.3361,90.0,-0.15679310010660E+03,0.482730,-0.07779500000000006
0.8318,2.3361,90.0,-0.15679648146799E+03,0.483599,-0.08004100000000003
0.8418,2.3361,90.0,-0.15679947977945E+03,0.484494,-0.08240400000000003
0.8518,2.3361,90.0,-0.15680212401425E+03,0.485414,-0.08488600000000002
0.8618,2.3361,90.0,-0.15680444121937E+03,0.486356,-0.08748699999999998
0.8718,2.3361,90.0,-0.15680645663935E+03,0.487317,-0.09021000000000001
0.8818,2.3361,90.0,-0.15680819383010E+03,0.488311,-0.09304799999999996
0.8918,2.3361,90.0,-0.15680967476360E+03,0.489303,-0.09601699999999996
0.9018,2.3361,90.0,-0.15681091992453E+03,0.490307,-0.09910900000000006
0.9118,2.3361,90.0,-0.15681194839976E+03,0.491322,-0.10232500000000005
0.9218,2.3361,90.0,-0.15681277796141E+03,0.492717,-0.105485
0.9318,2.3361,90.0,-0.15681342514437E+03,0.493748,-0.10894500000000001
0.9418,2.3361,90.0,-0.15681390531858E+03,0.494784,-0.11252600000000001
0.9518,2.3361,90.0,-0.15681423275675E+03,0.495824,-0.11622800000000005
0.9618,2.3361,90.0,-0.15681442069766E+03,0.496866,-0.12004799999999999
0.9718,2.3361,90.0,-0.15681448140512E+03,0.497890,-0.12390499999999999
0.9818,2.3361,90.0,-0.15681442622292E+03,0.498935,-0.127954
0.9918,2.3361,90.0,-0.15681426562554E+03,0.499972,-0.13211299999999998
1.0018,2.3361,90.0,-0.15681400926475E+03,0.501007,-0.136378
1.0118,2.3361,90.0,-0.15681366601231E+03,0.502038,-0.14074399999999998
1.0218,2.3361,90.0,-0.15681324399857E+03,0.503063,-0.145208
0.8218,2.4361,90.0,-0.15679814071407E+03,0.431470,-0.09421999999999997
0.8318,2.4361,90.0,-0.15680153728514E+03,0.432134,-0.09631299999999998
0.8418,2.4361,90.0,-0.15680454585763E+03,0.432834,-0.09850299999999995
0.8518,2.4361,90.0,-0.15680719537509E+03,0.433565,-0.10079300000000002
0.8618,2.4361,90.0,-0.15680951288859E+03,0.434328,-0.103184
0.8718,2.4361,90.0,-0.15681152368402E+03,0.435170,-0.10566599999999998
0.8818,2.4361,90.0,-0.15681325139905E+03,0.436000,-0.10825999999999997
0.8918,2.4361,90.0,-0.15681471813065E+03,0.436844,-0.11096399999999995
0.9018,2.4361,90.0,-0.15681594453424E+03,0.437712,-0.11377499999999996
0.9118,2.4361,90.0,-0.15681694991499E+03,0.438604,-0.11669300000000005
0.9218,2.4361,90.0,-0.15681775231211E+03,0.439518,-0.11972
0.9318,2.4361,90.0,-0.15681836857670E+03,0.440453,-0.12285500000000005
0.9418,2.4361,90.0,-0.15681881444406E+03,0.441407,-0.12609899999999996
0.9518,2.4361,90.0,-0.15681910460082E+03,0.442379,-0.12945199999999996
0.9618,2.4361,90.0,-0.15681925274760E+03,0.443370,-0.13291100000000006
0.9718,2.4361,90.0,-0.15681927165746E+03,0.444376,-0.13647900000000002
0.9818,2.4361,90.0,-0.15681917323031E+03,0.445399,-0.14015100000000003
0.9918,2.4361,90.0,-0.15681896854385E+03,0.446478,-0.14391199999999998
1.0018,2.4361,90.0,-0.15681866790078E+03,0.447526,-0.14779200000000003
1.0118,2.4361,90.0,-0.15681828087270E+03,0.448586,-0.15177199999999996
1.0218,2.4361,90.0,-0.15681781634063E+03,0.449658,-0.15584900000000002
0.8218,2.5361,90.0,-0.15680087230710E+03,0.397383,-0.100294
0.8318,2.5361,90.0,-0.15680426197504E+03,0.397690,-0.10228399999999999
0.8418,2.5361,90.0,-0.15680725916167E+03,0.398062,-0.10435799999999995
0.8518,2.5361,90.0,-0.15680989270421E+03,0.398468,-0.10651899999999997
0.8618,2.5361,90.0,-0.15681218956527E+03,0.398906,-0.10876799999999998
0.8718,2.5361,90.0,-0.15681417496185E+03,0.399622,-0.11098900000000006
0.8818,2.5361,90.0,-0.15681587248541E+03,0.400127,-0.11341699999999999
0.8918,2.5361,90.0,-0.15681730421309E+03,0.400663,-0.11593699999999996
0.9018,2.5361,90.0,-0.15681849080750E+03,0.401227,-0.11855199999999999
0.9118,2.5361,90.0,-0.15681945160966E+03,0.401819,-0.12126399999999998
0.9218,2.5361,90.0,-0.15682020472523E+03,0.402470,-0.12406300000000003
0.9318,2.5361,90.0,-0.15682076710379E+03,0.403124,-0.12696400000000002
0.9418,2.5361,90.0,-0.15682115461205E+03,0.403790,-0.12997000000000003
0.9518,2.5361,90.0,-0.15682138210154E+03,0.404482,-0.13307400000000003
0.9618,2.5361,90.0,-0.15682146347127E+03,0.405196,-0.13627900000000004
0.9718,2.5361,90.0,-0.15682141172594E+03,0.405934,-0.139583
0.9818,2.5361,90.0,-0.15682123902997E+03,0.406695,-0.142986
0.9918,2.5361,90.0,-0.15682095675788E+03,0.407478,-0.14648799999999995
1.0018,2.5361,90.0,-0.15682057554108E+03,0.408282,-0.15009
1.0118,2.5361,90.0,-0.15682010531152E+03,0.409107,-0.15378899999999995
1.0218,2.5361,90.0,-0.15681955534231E+03,0.409952,-0.15758499999999998
0.8218,2.6361,90.0,-0.15680208864402E+03,0.373075,-0.10211700000000001
0.8318,2.6361,90.0,-0.15680545854348E+03,0.373127,-0.10399900000000001
0.8418,2.6361,90.0,-0.15680843214284E+03,0.373199,-0.10595700000000002
0.8518,2.6361,90.0,-0.15681103815227E+03,0.373308,-0.107991
0.8618,2.6361,90.0,-0.15681330341536E+03,0.373429,-0.11010500000000001
0.8718,2.6361,90.0,-0.15681525304668E+03,0.373598,-0.11229800000000001
0.8818,2.6361,90.0,-0.15681691054448E+03,0.373775,-0.11456699999999997
0.8918,2.6361,90.0,-0.15681829790454E+03,0.373999,-0.116923
0.9018,2.6361,90.0,-0.15681943572343E+03,0.374253,-0.11936200000000002
0.9118,2.6361,90.0,-0.15682034329317E+03,0.374535,-0.12188699999999997
0.9218,2.6361,90.0,-0.15682103868851E+03,0.374948,-0.124448
0.9318,2.6361,90.0,-0.15682153884735E+03,0.375288,-0.127145
0.9418,2.6361,90.0,-0.15682185964510E+03,0.375656,-0.12992899999999996
0.9518,2.6361,90.0,-0.15682201596318E+03,0.376051,-0.13280399999999992
0.9618,2.6361,90.0,-0.15682202175239E+03,0.376472,-0.13576899999999997
0.9718,2.6361,90.0,-0.15682189009156E+03,0.376927,-0.13882300000000003
0.9818,2.6361,90.0,-0.15682163324175E+03,0.377407,-0.14196800000000004
0.9918,2.6361,90.0,-0.15682126269662E+03,0.377901,-0.14521
1.0018,2.6361,90.0,-0.15682078922909E+03,0.378420,-0.14854500000000004
1.0118,2.6361,90.0,-0.15682022293470E+03,0.378963,-0.15197299999999997
1.0218,2.6361,90.0,-0.15681957327192E+03,0.379531,-0.15549300000000005
0.8218,2.7361,90.0,-0.15680233265240E+03,0.348466,-0.10555300000000001
0.8318,2.7361,90.0,-0.15680567563302E+03,0.348300,-0.10735
0.8418,2.7361,90.0,-0.15680861912767E+03,0.348164,-0.109211
0.8518,2.7361,90.0,-0.15681119173168E+03,0.348061,-0.11113800000000001
0.8618,2.7361,90.0,-0.15681342017560E+03,0.348027,-0.11308300000000004
0.8718,2.7361,90.0,-0.15681532945898E+03,0.347977,-0.115147
0.8818,2.7361,90.0,-0.15681694297481E+03,0.347973,-0.11727300000000002
0.8918,2.7361,90.0,-0.15681828262150E+03,0.347982,-0.119479
0.9018,2.7361,90.0,-0.15681936890648E+03,0.348020,-0.121757
0.9118,2.7361,90.0,-0.15682022104183E+03,0.348085,-0.12411100000000003
0.9218,2.7361,90.0,-0.15682085703254E+03,0.348177,-0.12653999999999999
0.9318,2.7361,90.0,-0.15682129375794E+03,0.348297,-0.129046
0.9418,2.7361,90.0,-0.15682154704687E+03,0.348444,-0.13163000000000002
0.9518,2.7361,90.0,-0.15682163174698E+03,0.348617,-0.134295
0.9618,2.7361,90.0,-0.15682156178888E+03,0.348817,-0.13704
0.9718,2.7361,90.0,-0.15682135024524E+03,0.349043,-0.139866
0.9818,2.7361,90.0,-0.15682100938561E+03,0.349296,-0.142774
0.9918,2.7361,90.0,-0.15682055072701E+03,0.349555,-0.14577400000000001
1.0018,2.7361,90.0,-0.15681998508081E+03,0.349857,-0.14885200000000004
1.0118,2.7361,90.0,-0.15681932259623E+03,0.350230,-0.15189800000000003
1.0218,2.7361,90.0,-0.15681857280060E+03,0.350583,-0.15514000000000006
0.8218,2.8361,90.0,-0.15680197422919E+03,0.337452,-0.10175900000000004
0.8318,2.8361,90.0,-0.15680528688743E+03,0.336973,-0.10351299999999997
0.8418,2.8361,90.0,-0.15680819744158E+03,0.336656,-0.10523699999999997
0.8518,2.8361,90.0,-0.15681073437277E+03,0.336367,-0.10701699999999997
0.8618,2.8361,90.0,-0.15681292430362E+03,0.336115,-0.108879
0.8718,2.8361,90.0,-0.15681479213071E+03,0.335571,-0.11091699999999999
0.8818,2.8361,90.0,-0.15681636114667E+03,0.335365,-0.11287699999999995
0.8918,2.8361,90.0,-0.15681765315325E+03,0.335183,-0.1149
0.9018,2.8361,90.0,-0.15681868856572E+03,0.335027,-0.11698700000000001
0.9118,2.8361,90.0,-0.15681948650916E+03,0.334910,-0.11911
0.9218,2.8361,90.0,-0.15682006490741E+03,0.334704,-0.12136799999999998
0.9318,2.8361,90.0,-0.15682044056514E+03,0.334628,-0.12365200000000004
0.9418,2.8361,90.0,-0.15682062924362E+03,0.334562,-0.12601099999999998
0.9518,2.8361,90.0,-0.15682064573068E+03,0.334521,-0.12844099999999997
0.9618,2.8361,90.0,-0.15682050390530E+03,0.334505,-0.13094499999999998
0.9718,2.8361,90.0,-0.15682021679733E+03,0.334512,-0.13352200000000003
0.9818,2.8361,90.0,-0.15681979664266E+03,0.334541,-0.13617300000000004
0.9918,2.8361,90.0,-0.15681925493428E+03,0.334595,-0.13889900000000005
1.0018,2.8361,90.0,-0.15681860246947E+03,0.334673,-0.14170100000000002
1.0118,2.8361,90.0,-0.15681784939348E+03,0.334774,-0.144582
1.0218,2.8361,90.0,-0.15681700524007E+03,0.334899,-0.14754
0.8218,2.9361,90.0,-0.15680126260346E+03,0.331895,-0.09642
0.8318,2.9361,90.0,-0.15680454405830E+03,0.331274,-0.09799999999999998
0.8418,2.9361,90.0,-0.15680742123777E+03,0.330810,-0.09958600000000001
0.8518,2.9361,90.0,-0.15680992253312E+03,0.330381,-0.101219
0.8618,2.9361,90.0,-0.15681207447677E+03,0.329805,-0.10296899999999998
0.8718,2.9361,90.0,-0.15681390187520E+03,0.329434,-0.10470400000000002
0.8818,2.9361,90.0,-0.15681542793197E+03,0.328897,-0.106595
0.8918,2.9361,90.0,-0.15681667436132E+03,0.328549,-0.10844600000000004
0.9018,2.9361,90.0,-0.15681766149306E+03,0.328223,-0.11035500000000004
0.9118,2.9361,90.0,-0.15681840836942E+03,0.327938,-0.11233199999999999
0.9218,2.9361,90.0,-0.15681893283446E+03,0.327277,-0.11453000000000002
0.9318,2.9361,90.0,-0.15681925161661E+03,0.327018,-0.11661500000000002
0.9418,2.9361,90.0,-0.15681938040494E+03,0.326778,-0.11876199999999998
0.9518,2.9361,90.0,-0.15681933391947E+03,0.326561,-0.120973
0.9618,2.9361,90.0,-0.15681912597632E+03,0.326364,-0.12322500000000003
0.9718,2.9361,90.0,-0.15681876954773E+03,0.326012,-0.125637
0.9818,2.9361,90.0,-0.15681827681764E+03,0.325861,-0.12803900000000001
0.9918,2.9361,90.0,-0.15681765923312E+03,0.325718,-0.130515
1.0018,2.9361,90.0,-0.15681692755188E+03,0.325596,-0.13306
1.0118,2.9361,90.0,-0.15681609188624E+03,0.325495,-0.13567500000000005
1.0218,2.9361,90.0,-0.15681516174388E+03,0.325415,-0.138361
0.8218,3.0361,90.0,-0.15680036229392E+03,0.324657,-0.093194
0.8318,3.0361,90.0,-0.15680361339023E+03,0.324090,-0.094607
0.8418,3.0361,90.0,-0.15680645840135E+03,0.323544,-0.09606399999999998
0.8518,3.0361,90.0,-0.15680892564566E+03,0.323027,-0.09756500000000001
0.8618,3.0361,90.0,-0.15681104158151E+03,0.322475,-0.09912599999999999
0.8718,3.0361,90.0,-0.15681283094086E+03,0.321622,-0.10086899999999999
0.8818,3.0361,90.0,-0.15681431685259E+03,0.321169,-0.10251199999999999
0.8918,3.0361,90.0,-0.15681552095654E+03,0.320723,-0.10421000000000002
0.9018,3.0361,90.0,-0.15681646350867E+03,0.320298,-0.10595699999999997
0.9118,3.0361,90.0,-0.15681716347831E+03,0.319893,-0.10775499999999999
0.9218,3.0361,90.0,-0.15681763863790E+03,0.319508,-0.10960500000000001
0.9318,3.0361,90.0,-0.15681790564584E+03,0.319142,-0.11150700000000002
0.9418,3.0361,90.0,-0.15681798012312E+03,0.318795,-0.11346400000000001
0.9518,3.0361,90.0,-0.15681787672396E+03,0.318466,-0.115477
0.9618,3.0361,90.0,-0.15681760920125E+03,0.318155,-0.11754599999999998
0.9718,3.0361,90.0,-0.15681719046692E+03,0.317863,-0.11967099999999997
0.9818,3.0361,90.0,-0.15681663264780E+03,0.317589,-0.121857
0.9918,3.0361,90.0,-0.15681594713733E+03,0.316966,-0.12426799999999999
1.0018,3.0361,90.0,-0.15681514464337E+03,0.316723,-0.12657800000000002
1.0118,3.0361,90.0,-0.15681423523247E+03,0.316247,-0.129031
1.0218,3.0361,90.0,-0.15681322837082E+03,0.316023,-0.131473
0.8218,3.1361,90.0,-0.15679937927739E+03,0.325446,-0.086281
0.8318,3.1361,90.0,-0.15680260200008E+03,0.324367,-0.08772399999999997
0.8418,3.1361,90.0,-0.15680541711803E+03,0.323752,-0.08904800000000002
0.8518,3.1361,90.0,-0.15680785289053E+03,0.323162,-0.09041100000000002
0.8618,3.1361,90.0,-0.15680993571591E+03,0.322576,-0.09181900000000004
0.8718,3.1361,90.0,-0.15681169026533E+03,0.321426,-0.09351300000000001
0.8818,3.1361,90.0,-0.15681313960641E+03,0.320895,-0.09500200000000003
0.8918,3.1361,90.0,-0.15681430531737E+03,0.320381,-0.09653299999999998
0.9018,3.1361,90.0,-0.15681520759251E+03,0.319892,-0.09810599999999997
0.9118,3.1361,90.0,-0.15681586533958E+03,0.319422,-0.09972400000000003
0.9218,3.1361,90.0,-0.15681629626978E+03,0.318427,-0.10159199999999996
0.9318,3.1361,90.0,-0.15681651698079E+03,0.317986,-0.10330300000000003
0.9418,3.1361,90.0,-0.15681654303361E+03,0.317551,-0.105068
0.9518,3.1361,90.0,-0.15681638902347E+03,0.317134,-0.10688099999999995
0.9618,3.1361,90.0,-0.15681606864539E+03,0.316735,-0.10874100000000003
0.9718,3.1361,90.0,-0.15681559475479E+03,0.316352,-0.110653
0.9818,3.1361,90.0,-0.15681497942361E+03,0.315987,-0.11261399999999999
0.9918,3.1361,90.0,-0.15681423399217E+03,0.315637,-0.11462899999999998
1.0018,3.1361,90.0,-0.15681336911723E+03,0.315304,-0.11669700000000005
1.0118,3.1361,90.0,-0.15681239481643E+03,0.314987,-0.11881999999999998
1.0218,3.1361,90.0,-0.15681132050950E+03,0.314687,-0.12099700000000002
0.8218,3.2361,90.0,-0.15679838032061E+03,0.329114,-0.07905099999999998
0.8318,3.2361,90.0,-0.15680157722084E+03,0.328014,-0.08035400000000004
0.8418,3.2361,90.0,-0.15680436524558E+03,0.327366,-0.081542
0.8518,3.2361,90.0,-0.15680677260528E+03,0.326748,-0.082762
0.8618,3.2361,90.0,-0.15680882564852E+03,0.325697,-0.084181
0.8718,3.2361,90.0,-0.15681054899598E+03,0.325131,-0.08546900000000002
0.8818,3.2361,90.0,-0.15681196566417E+03,0.323973,-0.087005
0.8918,3.2361,90.0,-0.15681309717976E+03,0.323404,-0.08838299999999999
0.9018,3.2361,90.0,-0.15681396368521E+03,0.322855,-0.08979799999999999
0.9118,3.2361,90.0,-0.15681458403622E+03,0.321664,-0.09151799999999999
0.9218,3.2361,90.0,-0.15681497589189E+03,0.321144,-0.09301500000000001
0.9318,3.2361,90.0,-0.15681515579791E+03,0.320642,-0.09455200000000002
0.9418,3.2361,90.0,-0.15681513926347E+03,0.320154,-0.09613
0.9518,3.2361,90.0,-0.15681494083230E+03,0.319686,-0.09774899999999997
0.9618,3.2361,90.0,-0.15681457414835E+03,0.319235,-0.09940900000000003
0.9718,3.2361,90.0,-0.15681405201657E+03,0.318641,-0.101161
0.9818,3.2361,90.0,-0.15681338645908E+03,0.317740,-0.10310899999999995
0.9918,3.2361,90.0,-0.15681258876719E+03,0.317316,-0.10491300000000003
1.0018,3.2361,90.0,-0.15681166954960E+03,0.316907,-0.106763
1.0118,3.2361,90.0,-0.15681063877696E+03,0.316513,-0.10866000000000003
1.0218,3.2361,90.0,-0.15680950582326E+03,0.316134,-0.11060599999999998
0.8218,3.3361,90.0,-0.15679740478859E+03,0.327719,-0.07502900000000001
0.8318,3.3361,90.0,-0.15680057856535E+03,0.327064,-0.07607899999999995
0.8418,3.3361,90.0,-0.15680334242524E+03,0.326442,-0.07715899999999998
0.8518,3.3361,90.0,-0.15680572453844E+03,0.325842,-0.078264
0.8618,3.3361,90.0,-0.15680775121220E+03,0.325311,-0.07940799999999998
0.8718,3.3361,90.0,-0.15680944702496E+03,0.324481,-0.08067599999999997
0.8818,3.3361,90.0,-0.15681083495031E+03,0.323346,-0.082094
0.8918,3.3361,90.0,-0.15681193647132E+03,0.322842,-0.08332799999999996
0.9018,3.3361,90.0,-0.15681277168640E+03,0.322331,-0.084588
0.9118,3.3361,90.0,-0.15681335940686E+03,0.321842,-0.08587899999999998
0.9218,3.3361,90.0,-0.15681371724717E+03,0.321371,-0.08720299999999997
0.9318,3.3361,90.0,-0.15681386170825E+03,0.320955,-0.088561
0.9418,3.3361,90.0,-0.15681380825447E+03,0.320526,-0.08995200000000003
0.9518,3.3361,90.0,-0.15681357138480E+03,0.320101,-0.09137599999999996
0.9618,3.3361,90.0,-0.15681316469855E+03,0.319691,-0.09283599999999997
0.9718,3.3361,90.0,-0.15681260095618E+03,0.319320,-0.094331
0.9818,3.3361,90.0,-0.15681189213559E+03,0.318934,-0.09586300000000003
0.9918,3.3361,90.0,-0.15681104948420E+03,0.318561,-0.097435
1.0018,3.3361,90.0,-0.15681008356718E+03,0.317646,-0.09928400000000004
1.0118,3.3361,90.0,-0.15680900431212E+03,0.316554,-0.101209
1.0218,3.3361,90.0,-0.15680782105047E+03,0.316193,-0.10291600000000001
0.8218,3.4361,90.0,-0.15679647845917E+03,0.333180,-0.06819200000000003
0.8318,3.4361,90.0,-0.15679963154994E+03,0.331366,-0.069498
0.8418,3.4361,90.0,-0.15680237388172E+03,0.330777,-0.07047200000000003
0.8518,3.4361,90.0,-0.15680473359260E+03,0.330179,-0.07146000000000002
0.8618,3.4361,90.0,-0.15680673695652E+03,0.328754,-0.072799
0.8718,3.4361,90.0,-0.15680840851745E+03,0.328192,-0.07384200000000002
0.8818,3.4361,90.0,-0.15680977121346E+03,0.327654,-0.07490999999999998
0.8918,3.4361,90.0,-0.15681084649132E+03,0.327136,-0.07600400000000002
0.9018,3.4361,90.0,-0.15681165441236E+03,0.326643,-0.07712399999999997
0.9118,3.4361,90.0,-0.15681221375026E+03,0.326202,-0.07827100000000003
0.9218,3.4361,90.0,-0.15681254208140E+03,0.325410,-0.07956100000000005
0.9318,3.4361,90.0,-0.15681265586828E+03,0.324361,-0.08099299999999998
0.9418,3.4361,90.0,-0.15681257053662E+03,0.323922,-0.08223400000000003
0.9518,3.4361,90.0,-0.15681230054657E+03,0.323488,-0.083503
0.9618,3.4361,90.0,-0.15681185945853E+03,0.323072,-0.08480299999999996
0.9718,3.4361,90.0,-0.15681125999406E+03,0.322670,-0.08613399999999999
0.9818,3.4361,90.0,-0.15681051409215E+03,0.322297,-0.08749600000000002
0.9918,3.4361,90.0,-0.15680963296136E+03,0.321908,-0.088891
1.0018,3.4361,90.0,-0.15680862712810E+03,0.321541,-0.09031899999999998
1.0118,3.4361,90.0,-0.15680750648134E+03,0.321188,-0.091781
1.0218,3.4361,90.0,-0.15680628031404E+03,0.320841,-0.093279
0.8218,3.5361,90.0,-0.15679561642340E+03,0.339453,-0.061819999999999986
0.8318,3.5361,90.0,-0.15679875096718E+03,0.338244,-0.062838
0.8418,3.5361,90.0,-0.15680147407273E+03,0.337689,-0.063695
0.8518,3.5361,90.0,-0.15680381385415E+03,0.337124,-0.06456300000000004
0.8618,3.5361,90.0,-0.15680579655762E+03,0.336041,-0.06565500000000002
0.8718,3.5361,90.0,-0.15680744670505E+03,0.335527,-0.06656399999999996
0.8818,3.5361,90.0,-0.15680878720416E+03,0.333780,-0.06790099999999999
0.8918,3.5361,90.0,-0.15680983947266E+03,0.333297,-0.06887399999999999
0.9018,3.5361,90.0,-0.15681062354183E+03,0.332807,-0.06986799999999999
0.9118,3.5361,90.0,-0.15681115815455E+03,0.331478,-0.07120500000000002
0.9218,3.5361,90.0,-0.15681146085566E+03,0.331014,-0.07225000000000004
0.9318,3.5361,90.0,-0.15681154807562E+03,0.330568,-0.07332000000000005
0.9418,3.5361,90.0,-0.15681143520764E+03,0.330139,-0.07441599999999998
0.9518,3.5361,90.0,-0.15681113667904E+03,0.329730,-0.07553599999999999
0.9618,3.5361,90.0,-0.15681066601714E+03,0.329348,-0.07667900000000005
0.9718,3.5361,90.0,-0.15681003591021E+03,0.328577,-0.07798
0.9818,3.5361,90.0,-0.15680925826381E+03,0.327610,-0.07940799999999998
0.9918,3.5361,90.0,-0.15680834425299E+03,0.327214,-0.080646
1.0018,3.5361,90.0,-0.15680730437050E+03,0.326845,-0.08191100000000001
1.0118,3.5361,90.0,-0.15680614847164E+03,0.326492,-0.08320499999999997
1.0218,3.5361,90.0,-0.15680488581562E+03,0.326151,-0.08452899999999997
0.8218,3.6361,90.0,-0.15679482732002E+03,0.342092,-0.05744199999999999
0.8318,3.6361,90.0,-0.15679794519720E+03,0.341470,-0.058195
0.8418,3.6361,90.0,-0.15680065107993E+03,0.340882,-0.05896399999999996
0.8518,3.6361,90.0,-0.15680297306524E+03,0.340317,-0.059753
0.8618,3.6361,90.0,-0.15680493738319E+03,0.339690,-0.06058000000000002
0.8718,3.6361,90.0,-0.15680656853121E+03,0.338652,-0.06156800000000001
0.8818,3.6361,90.0,-0.15680788939834E+03,0.337409,-0.06266
0.8918,3.6361,90.0,-0.15680892137782E+03,0.336771,-0.06357099999999999
0.9018,3.6361,90.0,-0.15680968448221E+03,0.336285,-0.06447199999999997
0.9118,3.6361,90.0,-0.15681019742770E+03,0.335822,-0.065392
0.9218,3.6361,90.0,-0.15681047773405E+03,0.335379,-0.06633300000000003
0.9318,3.6361,90.0,-0.15681054180586E+03,0.334808,-0.067332
0.9418,3.6361,90.0,-0.15681040500993E+03,0.334221,-0.06836200000000003
0.9518,3.6361,90.0,-0.15681008174668E+03,0.333809,-0.06937399999999999
0.9618,3.6361,90.0,-0.15680958551612E+03,0.333417,-0.070407
0.9718,3.6361,90.0,-0.15680892897888E+03,0.332867,-0.07151099999999999
0.9818,3.6361,90.0,-0.15680812401263E+03,0.332446,-0.07266799999999995
0.9918,3.6361,90.0,-0.15680718176430E+03,0.332093,-0.07376999999999995
1.0018,3.6361,90.0,-0.15680611269833E+03,0.331196,-0.07511600000000002
1.0118,3.6361,90.0,-0.15680492664152E+03,0.329586,-0.07672000000000001
1.0218,3.6361,90.0,-0.15680363282442E+03,0.329247,-0.07791199999999998
0.8218,3.8361,90.0,-0.15679346821483E+03,0.355204,-0.04668099999999997
0.8318,3.8361,90.0,-0.15679655809860E+03,0.354642,-0.04726999999999998
0.8418,3.8361,90.0,-0.15679923513864E+03,0.353405,-0.04807499999999998
0.8518,3.8361,90.0,-0.15680152741248E+03,0.352898,-0.04869600000000002
0.8618,3.8361,90.0,-0.15680346112857E+03,0.351714,-0.049537
0.8718,3.8361,90.0,-0.15680506076059E+03,0.351260,-0.05018600000000001
0.8818,3.8361,90.0,-0.15680634917166E+03,0.349808,-0.051147
0.8918,3.8361,90.0,-0.15680734772922E+03,0.348622,-0.05206500000000003
0.9018,3.8361,90.0,-0.15680807641126E+03,0.348203,-0.052775000000000016
0.9118,3.8361,90.0,-0.15680855390452E+03,0.346672,-0.05385500000000004
0.9218,3.8361,90.0,-0.15680879769524E+03,0.346283,-0.05460300000000001
0.9318,3.8361,90.0,-0.15680882415304E+03,0.345915,-0.055366000000000026
0.9418,3.8361,90.0,-0.15680864860845E+03,0.345571,-0.056143
0.9518,3.8361,90.0,-0.15680828542446E+03,0.345246,-0.05693599999999999
0.9618,3.8361,90.0,-0.15680774806094E+03,0.344739,-0.057794999999999985
0.9718,3.8361,90.0,-0.15680704914297E+03,0.343908,-0.058794999999999986
0.9818,3.8361,90.0,-0.15680620050638E+03,0.342819,-0.05995
0.9918,3.8361,90.0,-0.15680521325756E+03,0.342290,-0.060926000000000036
1.0018,3.8361,90.0,-0.15680409781989E+03,0.342017,-0.061809999999999976
1.0118,3.8361,90.0,-0.15680286397858E+03,0.341757,-0.06271200000000005
1.0218,3.8361,90.0,-0.15680152092219E+03,0.341517,-0.063666
0.8218,4.0361,90.0,-0.15679237646214E+03,0.365065,-0.03873900000000002
0.8318,4.0361,90.0,-0.15679544469023E+03,0.363610,-0.03948299999999999
0.8418,4.0361,90.0,-0.15679809946383E+03,0.362311,-0.040188
0.8518,4.0361,90.0,-0.15680036885075E+03,0.361976,-0.04066799999999998
0.8618,4.0361,90.0,-0.15680227904853E+03,0.360345,-0.041510999999999965
0.8718,4.0361,90.0,-0.15680385451866E+03,0.360045,-0.042018
0.8818,4.0361,90.0,-0.15680511811075E+03,0.359762,-0.04253299999999999
0.8918,4.0361,90.0,-0.15680609117736E+03,0.359447,-0.04306199999999999
0.9018,4.0361,90.0,-0.15680679368030E+03,0.359160,-0.043601
0.9118,4.0361,90.0,-0.15680724428880E+03,0.358537,-0.04424100000000003
0.9218,4.0361,90.0,-0.15680746047037E+03,0.357745,-0.044966000000000006
0.9318,4.0361,90.0,-0.15680745857477E+03,0.356660,-0.045796
0.9418,4.0361,90.0,-0.15680725391153E+03,0.356036,-0.04649399999999998
0.9518,4.0361,90.0,-0.15680686082173E+03,0.355812,-0.047103000000000006
0.9618,4.0361,90.0,-0.15680629274419E+03,0.355606,-0.04772200000000004
0.9718,4.0361,90.0,-0.15680556227677E+03,0.355406,-0.04835400000000001
0.9818,4.0361,90.0,-0.15680468123293E+03,0.354836,-0.04910600000000004
0.9918,4.0361,90.0,-0.15680366069415E+03,0.354226,-0.04988400000000004
1.0018,4.0361,90.0,-0.15680251105838E+03,0.354017,-0.05056499999999997
1.0118,4.0361,90.0,-0.15680124208335E+03,0.353853,-0.05125400000000002
1.0218,4.0361,90.0,-0.15679986293426E+03,0.353245,-0.05208400000000002
0.8218,4.2361,90.0,-0.15679150264384E+03,0.373808,-0.03248800000000002
0.8318,4.2361,90.0,-0.15679455430783E+03,0.373282,-0.03287000000000001
0.8418,4.2361,90.0,-0.15679719208092E+03,0.372905,-0.033241999999999994
0.8518,4.2361,90.0,-0.15679944402533E+03,0.372566,-0.03361900000000001
0.8618,4.2361,90.0,-0.15680133633242E+03,0.371795,-0.034115000000000006
0.8718,4.2361,90.0,-0.15680289345685E+03,0.370996,-0.034648999999999985
0.8818,4.2361,90.0,-0.15680413824071E+03,0.369688,-0.03532299999999999
0.8918,4.2361,90.0,-0.15680509202835E+03,0.368782,-0.035895999999999983
0.9018,4.2361,90.0,-0.15680577477256E+03,0.368551,-0.036327
0.9118,4.2361,90.0,-0.15680620513283E+03,0.368349,-0.03676499999999999
0.9218,4.2361,90.0,-0.15680640056621E+03,0.367981,-0.03724899999999998
0.9318,4.2361,90.0,-0.15680637741123E+03,0.367336,-0.037831000000000004
0.9418,4.2361,90.0,-0.15680615096559E+03,0.366489,-0.03847099999999998
0.9518,4.2361,90.0,-0.15680573555780E+03,0.366126,-0.03899799999999998
0.9618,4.2361,90.0,-0.15680514461358E+03,0.365991,-0.03948999999999997
0.9718,4.2361,90.0,-0.15680439071704E+03,0.365388,-0.04012500000000002
0.9818,4.2361,90.0,-0.15680348566741E+03,0.364810,-0.040742999999999974
0.9918,4.2361,90.0,-0.15680244053143E+03,0.364699,-0.041271
1.0018,4.2361,90.0,-0.15680126569176E+03,0.364258,-0.04192499999999999
1.0118,4.2361,90.0,-0.15679997089197E+03,0.363196,-0.04278199999999999
1.0218,4.2361,90.0,-0.15679856527800E+03,0.362674,-0.04350999999999999
0.8218,4.4361,90.0,-0.15679080090225E+03,0.385335,-0.026332999999999995
0.8318,4.4361,90.0,-0.15679383971384E+03,0.385013,-0.02659800000000001
0.8418,4.4361,90.0,-0.15679646432604E+03,0.383757,-0.027086999999999972
0.8518,4.4361,90.0,-0.15679870279790E+03,0.383495,-0.027368000000000003
0.8618,4.4361,90.0,-0.15680058131733E+03,0.382446,-0.027851000000000015
0.8718,4.4361,90.0,-0.15680212433521E+03,0.382097,-0.028169
0.8818,4.4361,90.0,-0.15680335468953E+03,0.380784,-0.02874199999999999
0.8918,4.4361,90.0,-0.15680429372009E+03,0.379772,-0.029266000000000014
0.9018,4.4361,90.0,-0.15680496137483E+03,0.379447,-0.02962100000000001
0.9118,4.4361,90.0,-0.15680537630792E+03,0.378158,-0.03025
0.9218,4.4361,90.0,-0.15680555597072E+03,0.377850,-0.03062699999999996
0.9318,4.4361,90.0,-0.15680551669570E+03,0.377551,-0.031012999999999957
0.9418,4.4361,90.0,-0.15680527377410E+03,0.377478,-0.031366000000000005
0.9518,4.4361,90.0,-0.15680484152763E+03,0.377430,-0.031723
0.9618,4.4361,90.0,-0.15680423337483E+03,0.376940,-0.03220200000000001
0.9718,4.4361,90.0,-0.15680346189234E+03,0.376458,-0.032704999999999984
0.9818,4.4361,90.0,-0.15680253887155E+03,0.375391,-0.033364000000000005
0.9918,4.4361,90.0,-0.15680147537103E+03,0.374657,-0.03393499999999999
1.0018,4.4361,90.0,-0.15680028176502E+03,0.374672,-0.034337000000000006
1.0118,4.4361,90.0,-0.15679896778826E+03,0.374703,-0.034746
1.0218,4.4361,90.0,-0.15679754257760E+03,0.374486,-0.03521800000000003
0.8218,4.6361,90.0,-0.15679023572233E+03,0.394245,-0.021681000000000006
0.8318,4.6361,90.0,-0.15679326434831E+03,0.392753,-0.02213799999999999
0.8418,4.6361,90.0,-0.15679587855421E+03,0.391683,-0.022529999999999994
0.8518,4.6361,90.0,-0.15679810639753E+03,0.391112,-0.022809999999999997
0.8618,4.6361,90.0,-0.15679997406455E+03,0.390273,-0.023180000000000034
0.8718,4.6361,90.0,-0.15680150600436E+03,0.389304,-0.02358100000000002
0.8818,4.6361,90.0,-0.15680272505293E+03,0.388794,-0.02388600000000002
0.8918,4.6361,90.0,-0.15680365254789E+03,0.388664,-0.024131000000000014
0.9018,4.6361,90.0,-0.15680430843473E+03,0.388566,-0.024377999999999955
0.9118,4.6361,90.0,-0.15680471136502E+03,0.388027,-0.02473700000000001
0.9218,4.6361,90.0,-0.15680487878726E+03,0.387570,-0.02509699999999998
0.9318,4.6361,90.0,-0.15680482703087E+03,0.386425,-0.025621999999999978
0.9418,4.6361,90.0,-0.15680457138381E+03,0.385550,-0.026085999999999998
0.9518,4.6361,90.0,-0.15680412616435E+03,0.385552,-0.026364999999999972
0.9618,4.6361,90.0,-0.15680350478738E+03,0.385581,-0.026648000000000005
0.9718,4.6361,90.0,-0.15680271982571E+03,0.385251,-0.027015999999999984
0.9818,4.6361,90.0,-0.15680178306676E+03,0.384839,-0.027427000000000035
0.9918,4.6361,90.0,-0.15680070556493E+03,0.384054,-0.027932000000000012
1.0018,4.6361,90.0,-0.15679949769012E+03,0.383743,-0.028330000000000022
1.0118,4.6361,90.0,-0.15679816917256E+03,0.383836,-0.028646000000000005
1.0218,4.6361,90.0,-0.15679672914440E+03,0.383477,-0.029088999999999976
0.8218,4.8361,90.0,-0.15678977969492E+03,0.400188,-0.018473000000000017
0.8318,4.8361,90.0,-0.15679280014562E+03,0.399449,-0.01871400000000001
0.8418,4.8361,90.0,-0.15679540601277E+03,0.399190,-0.01888200000000001
0.8518,4.8361,90.0,-0.15679762535356E+03,0.398971,-0.019051999999999958
0.8618,4.8361,90.0,-0.15679948435388E+03,0.398334,-0.019318000000000002
0.8718,4.8361,90.0,-0.15680100746235E+03,0.397835,-0.019575999999999982
0.8818,4.8361,90.0,-0.15680221751436E+03,0.396606,-0.01999200000000001
0.8918,4.8361,90.0,-0.15680313584687E+03,0.395606,-0.020363999999999993
0.9018,4.8361,90.0,-0.15680378240451E+03,0.395540,-0.020556999999999992
0.9118,4.8361,90.0,-0.15680417583788E+03,0.395508,-0.020751999999999993
0.9218,4.8361,90.0,-0.15680433359433E+03,0.395063,-0.021038
0.9318,4.8361,90.0,-0.15680427200203E+03,0.394627,-0.021341999999999972
0.9418,4.8361,90.0,-0.15680400634756E+03,0.393775,-0.021743000000000012
0.9518,4.8361,90.0,-0.15680355094767E+03,0.393380,-0.022050000000000014
0.9618,4.8361,90.0,-0.15680291921563E+03,0.393445,-0.022268999999999983
0.9718,4.8361,90.0,-0.15680212372257E+03,0.393097,-0.02259500000000003
0.9818,4.8361,90.0,-0.15680117625404E+03,0.392750,-0.022919999999999996
0.9918,4.8361,90.0,-0.15680008786251E+03,0.392414,-0.02325100000000002
1.0018,4.8361,90.0,-0.15679886891585E+03,0.392382,-0.023538000000000003
1.0118,4.8361,90.0,-0.15679752914210E+03,0.392234,-0.023859999999999992
1.0218,4.8361,90.0,-0.15679607767123E+03,0.391395,-0.024347000000000008
0.8218,5.0361,90.0,-0.15678941120138E+03,0.408278,-0.015249000000000013
0.8318,5.0361,90.0,-0.15679242508690E+03,0.408013,-0.015367999999999993
0.8418,5.0361,90.0,-0.15679502426000E+03,0.406668,-0.015695000000000014
0.8518,5.0361,90.0,-0.15679723677854E+03,0.406473,-0.01582100000000003
0.8618,5.0361,90.0,-0.15679908882901E+03,0.405659,-0.016081999999999985
0.8718,5.0361,90.0,-0.15680060486054E+03,0.405105,-0.01628400000000002
0.8818,5.0361,90.0,-0.15680180770893E+03,0.403874,-0.016645999999999994
0.8918,5.0361,90.0,-0.15680271871140E+03,0.403130,-0.016928
0.9018,5.0361,90.0,-0.15680335781291E+03,0.402652,-0.017150999999999972
0.9118,5.0361,90.0,-0.15680374366415E+03,0.402108,-0.017411999999999983
0.9218,5.0361,90.0,-0.15680389371251E+03,0.401316,-0.017726999999999993
0.9318,5.0361,90.0,-0.15680382428610E+03,0.400895,-0.01796700000000001
0.9418,5.0361,90.0,-0.15680355067082E+03,0.400947,-0.018127999999999977
0.9518,5.0361,90.0,-0.15680308718322E+03,0.401024,-0.018291
0.9618,5.0361,90.0,-0.15680244723615E+03,0.400700,-0.01854699999999998
0.9718,5.0361,90.0,-0.15680164340019E+03,0.400490,-0.018793000000000004
0.9818,5.0361,90.0,-0.15680068746033E+03,0.399569,-0.01919700000000002
0.9918,5.0361,90.0,-0.15679959046837E+03,0.398828,-0.01956199999999997
1.0018,5.0361,90.0,-0.15679836279149E+03,0.398998,-0.019741999999999982
1.0118,5.0361,90.0,-0.15679701415705E+03,0.399190,-0.019925000000000026
1.0218,5.0361,90.0,-0.15679555369426E+03,0.398958,-0.020201999999999998
0.8218,5.2361,90.0,-0.15678911243498E+03,0.413866,-0.012870999999999966
0.8318,5.2361,90.0,-0.15679212111046E+03,0.412498,-0.013159000000000032
0.8418,5.2361,90.0,-0.15679471496624E+03,0.411641,-0.013373999999999997
0.8518,5.2361,90.0,-0.15679692206125E+03,0.410974,-0.013550000000000006
0.8618,5.2361,90.0,-0.15679876858462E+03,0.410328,-0.013746999999999954
0.8718,5.2361,90.0,-0.15680027898474E+03,0.409413,-0.013996999999999982
0.8818,5.2361,90.0,-0.15680147609858E+03,0.408840,-0.014188000000000034
0.8918,5.2361,90.0,-0.15680238126441E+03,0.408769,-0.014301000000000008
0.9018,5.2361,90.0,-0.15680301442779E+03,0.408732,-0.014417000000000013
0.9118,5.2361,90.0,-0.15680339424005E+03,0.408329,-0.014610999999999985
0.9218,5.2361,90.0,-0.15680353814886E+03,0.408067,-0.01478999999999997
0.9318,5.2361,90.0,-0.15680346248257E+03,0.407112,-0.015110000000000012
0.9418,5.2361,90.0,-0.15680318252772E+03,0.406314,-0.01539999999999997
0.9518,5.2361,90.0,-0.15680271260090E+03,0.406407,-0.01552899999999996
0.9618,5.2361,90.0,-0.15680206611500E+03,0.406523,-0.01565899999999998
0.9718,5.2361,90.0,-0.15680125564060E+03,0.406216,-0.015874999999999972
0.9818,5.2361,90.0,-0.15680029296265E+03,0.405986,-0.016091999999999995
0.9918,5.2361,90.0,-0.15679918913292E+03,0.405330,-0.01639999999999997
1.0018,5.2361,90.0,-0.15679795451846E+03,0.405071,-0.016629999999999978
1.0118,5.2361,90.0,-0.15679659884652E+03,0.405271,-0.01677400000000001
1.0218,5.2361,90.0,-0.15679513124610E+03,0.405121,-0.01700299999999999
0.8218,5.4361,90.0,-0.15678886812136E+03,0.417409,-0.011229000000000045
0.8318,5.4361,90.0,-0.15679187270837E+03,0.416626,-0.011382000000000003
0.8418,5.4361,90.0,-0.15679446238816E+03,0.416371,-0.011462000000000028
0.8518,5.4361,90.0,-0.15679666522108E+03,0.416160,-0.011543999999999999
0.8618,5.4361,90.0,-0.15679850739593E+03,0.415608,-0.011690000000000034
0.8718,5.4361,90.0,-0.15680001336388E+03,0.415221,-0.011822
0.8818,5.4361,90.0,-0.15680120596247E+03,0.414181,-0.012075999999999976
0.8918,5.4361,90.0,-0.15680210653048E+03,0.413278,-0.012307000000000012
0.9018,5.4361,90.0,-0.15680273501410E+03,0.413233,-0.012397999999999965
0.9118,5.4361,90.0,-0.15680311006506E+03,0.413227,-0.012490000000000001
0.9218,5.4361,90.0,-0.15680324913154E+03,0.412815,-0.012661000000000033
0.9318,5.4361,90.0,-0.15680316854218E+03,0.412514,-0.012826000000000004
0.9418,5.4361,90.0,-0.15680288358370E+03,0.411803,-0.013071
0.9518,5.4361,90.0,-0.15680240857277E+03,0.411462,-0.013251999999999986
0.9618,5.4361,90.0,-0.15680175692230E+03,0.411572,-0.013355999999999979
0.9718,5.4361,90.0,-0.15680094120281E+03,0.411377,-0.013529000000000013
0.9818,5.4361,90.0,-0.15679997319919E+03,0.411100,-0.01371699999999998
0.9918,5.4361,90.0,-0.15679886396306E+03,0.410839,-0.013909000000000005
1.0018,5.4361,90.0,-0.15679762386135E+03,0.410960,-0.014039999999999997
1.0118,5.4361,90.0,-0.15679626262120E+03,0.410991,-0.014197000000000015
1.0218,5.4361,90.0,-0.15679478937147E+03,0.410264,-0.014502999999999988
0.8218,5.6361,90.0,-0.15678866582926E+03,0.422672,-0.009525000000000006
0.8318,5.6361,90.0,-0.15679166718001E+03,0.422374,-0.00958199999999998
0.8418,5.6361,90.0,-0.15679425355563E+03,0.421110,-0.009799000000000002
0.8518,5.6361,90.0,-0.15679645301758E+03,0.420891,-0.009861000000000009
0.8618,5.6361,90.0,-0.15679829175569E+03,0.420197,-0.010012000000000021
0.8718,5.6361,90.0,-0.15679979422205E+03,0.419598,-0.010143999999999986
0.8818,5.6361,90.0,-0.15680098325510E+03,0.418969,-0.010304000000000035
0.8918,5.6361,90.0,-0.15680188019433E+03,0.417915,-0.010537000000000019
0.9018,5.6361,90.0,-0.15680250498645E+03,0.417407,-0.01067900000000005
0.9118,5.6361,90.0,-0.15680287628360E+03,0.416986,-0.010822999999999972
0.9218,5.6361,90.0,-0.15680301153425E+03,0.416288,-0.011023000000000005
0.9318,5.6361,90.0,-0.15680292706718E+03,0.415863,-0.01117499999999999
0.9418,5.6361,90.0,-0.15680263816925E+03,0.415934,-0.011252999999999957
0.9518,5.6361,90.0,-0.15680215915695E+03,0.416029,-0.01133400000000001
0.9618,5.6361,90.0,-0.15680150344305E+03,0.415787,-0.011478999999999961
0.9718,5.6361,90.0,-0.15680068359787E+03,0.415695,-0.011608000000000007
0.9818,5.6361,90.0,-0.15679971140598E+03,0.414962,-0.011859000000000008
0.9918,5.6361,90.0,-0.15679859791869E+03,0.414342,-0.012089000000000016
1.0018,5.6361,90.0,-0.15679735350259E+03,0.414536,-0.012175999999999965
1.0118,5.6361,90.0,-0.15679598788442E+03,0.414754,-0.01226499999999997
1.0218,5.6361,90.0,-0.15679451019271E+03,0.414566,-0.012431999999999999
0.8218,6.6361,90.0,-0.15678804011975E+03,0.435473,-0.005327999999999999
0.8318,6.6361,90.0,-0.15679103208608E+03,0.434686,-0.005396999999999985
0.8418,6.6361,90.0,-0.15679360888839E+03,0.434333,-0.005421999999999982
0.8518,6.6361,90.0,-0.15679579859362E+03,0.434034,-0.005448000000000008
0.8618,6.6361,90.0,-0.15679762739682E+03,0.433521,-0.005506999999999984
0.8718,6.6361,90.0,-0.15679911975501E+03,0.433146,-0.00555300000000003
0.8818,6.6361,90.0,-0.15680029851120E+03,0.432275,-0.005666000000000004
0.8918,6.6361,90.0,-0.15680118500904E+03,0.431492,-0.005771999999999999
0.9018,6.6361,90.0,-0.15680179919899E+03,0.431373,-0.00579799999999997
0.9118,6.6361,90.0,-0.15680215973665E+03,0.431280,-0.005827000000000027
0.9218,6.6361,90.0,-0.15680228407326E+03,0.430847,-0.005900000000000016
0.9318,6.6361,90.0,-0.15680218854000E+03,0.430600,-0.005964999999999998
0.9418,6.6361,90.0,-0.15680188842569E+03,0.430030,-0.00607599999999997
0.9518,6.6361,90.0,-0.15680139804857E+03,0.429692,-0.006153999999999993
0.9618,6.6361,90.0,-0.15680073082272E+03,0.429758,-0.006184000000000023
0.9718,6.6361,90.0,-0.15679989931948E+03,0.429614,-0.006249999999999978
0.9818,6.6361,90.0,-0.15679891532417E+03,0.429373,-0.0063309999999999755
0.9918,6.6361,90.0,-0.15679778988863E+03,0.429151,-0.006411999999999973
1.0018,6.6361,90.0,-0.15679653337979E+03,0.429306,-0.0064469999999999805
1.0118,6.6361,90.0,-0.15679515552460E+03,0.429398,-0.006496999999999975
1.0218,6.6361,90.0,-0.15679366545166E+03,0.428861,-0.006640000000000035
0.8218,7.6361,90.0,-0.15678774125479E+03,0.442351,-0.0034580000000000166
0.8318,7.6361,90.0,-0.15679072923225E+03,0.441254,-0.0035350000000000104
0.8418,7.6361,90.0,-0.15679330195848E+03,0.440558,-0.003579999999999972
0.8518,7.6361,90.0,-0.15679548750310E+03,0.439865,-0.0036249999999999893
0.8618,7.6361,90.0,-0.15679731206383E+03,0.439353,-0.0036579999999999946
0.8718,7.6361,90.0,-0.15679880010033E+03,0.438586,-0.003723000000000032
0.8818,7.6361,90.0,-0.15679997445820E+03,0.438004,-0.003770999999999969
0.8918,7.6361,90.0,-0.15680085648354E+03,0.437829,-0.003783999999999954
0.9018,7.6361,90.0,-0.15680146612916E+03,0.437678,-0.003798999999999997
0.9118,7.6361,90.0,-0.15680182205274E+03,0.437340,-0.0038369999999999793
0.9218,7.6361,90.0,-0.15680194170768E+03,0.437158,-0.0038650000000000073
0.9318,7.6361,90.0,-0.15680184142726E+03,0.436513,-0.003944000000000003
0.9418,7.6361,90.0,-0.15680153650201E+03,0.435935,-0.004017999999999966
0.9518,7.6361,90.0,-0.15680104125178E+03,0.435962,-0.004031000000000007
0.9618,7.6361,90.0,-0.15680036909220E+03,0.436005,-0.004045000000000021
0.9718,7.6361,90.0,-0.15679953259602E+03,0.435741,-0.0040959999999999885
0.9818,7.6361,90.0,-0.15679854354988E+03,0.435606,-0.004139000000000004
0.9918,7.6361,90.0,-0.15679741300687E+03,0.435183,-0.004217000000000026
1.0018,7.6361,90.0,-0.15679615133507E+03,0.434995,-0.004268999999999967
1.0118,7.6361,90.0,-0.15679476826256E+03,0.435157,-0.00428400000000001
1.0218,7.6361,90.0,-0.15679327291897E+03,0.435130,-0.004324999999999968
0.8218,8.6361,90.0,-0.15678758245769E+03,0.445137,-0.0026840000000000197
0.8318,8.6361,90.0,-0.15679056838636E+03,0.444690,-0.0026890000000000525
0.8418,8.6361,90.0,-0.15679313902994E+03,0.443597,-0.0027519999999999767
0.8518,8.6361,90.0,-0.15679532245834E+03,0.443247,-0.0027570000000000094
0.8618,8.6361,90.0,-0.15679714486962E+03,0.442618,-0.002791999999999961
0.8718,8.6361,90.0,-0.15679863072388E+03,0.441991,-0.0028249999999999664
0.8818,8.6361,90.0,-0.15679980286714E+03,0.441136,-0.0028880000000000017
0.8918,8.6361,90.0,-0.15680068264602E+03,0.440654,-0.0029220000000000357
0.9018,8.6361,90.0,-0.15680129001384E+03,0.440159,-0.0029559999999999587
0.9118,8.6361,90.0,-0.15680164362880E+03,0.439841,-0.0029790000000000094
0.9218,8.6361,90.0,-0.15680176094486E+03,0.439257,-0.003031999999999979
0.9318,8.6361,90.0,-0.15680165829572E+03,0.438833,-0.003070000000000017
0.9418,8.6361,90.0,-0.15680135097271E+03,0.438804,-0.0030759999999999676
0.9518,8.6361,90.0,-0.15680085329615E+03,0.438782,-0.0030859999999999776
0.9618,8.6361,90.0,-0.15680017868224E+03,0.438577,-0.003114999999999979
0.9718,8.6361,90.0,-0.15679933970427E+03,0.438538,-0.003132999999999997
0.9818,8.6361,90.0,-0.15679834814949E+03,0.438040,-0.003198000000000034
0.9918,8.6361,90.0,-0.15679721507155E+03,0.437604,-0.003255999999999981
1.0018,8.6361,90.0,-0.15679595083911E+03,0.437750,-0.0032600000000000406
1.0118,8.6361,90.0,-0.15679456518082E+03,0.437901,-0.00326700000000002
1.0218,8.6361,90.0,-0.15679306722693E+03,0.437755,-0.0033050000000000024
0.8218,9.6361,90.0,-0.15678749029626E+03,0.445825,-0.0022399999999999642
0.8318,9.6361,90.0,-0.15679047505282E+03,0.445005,-0.0022679999999999922
0.8418,9.6361,90.0,-0.15679304451035E+03,0.444594,-0.002271000000000023
0.8518,9.6361,90.0,-0.15679522673887E+03,0.444207,-0.0022769999999999735
0.8618,9.6361,90.0,-0.15679704793653E+03,0.443666,-0.0022980000000000222
0.8718,9.6361,90.0,-0.15679853256354E+03,0.443314,-0.0023090000000000055
0.8818,9.6361,90.0,-0.15679970346607E+03,0.442532,-0.0023560000000000247
0.8918,9.6361,90.0,-0.15680058199086E+03,0.441823,-0.0023979999999999557
0.9018,9.6361,90.0,-0.15680118809140E+03,0.441692,-0.00239900000000004
0.9118,9.6361,90.0,-0.15680154042605E+03,0.441579,-0.0024009999999999865
0.9218,9.6361,90.0,-0.15680165644893E+03,0.441192,-0.0024290000000000145
0.9318,9.6361,90.0,-0.15680155249392E+03,0.440913,-0.0024520000000000097
0.9418,9.6361,90.0,-0.15680124385243E+03,0.440381,-0.0024989999999999735
0.9518,9.6361,90.0,-0.15680074484514E+03,0.440093,-0.0025259999999999727
0.9618,9.6361,90.0,-0.15680006888832E+03,0.440127,-0.0025290000000000035
0.9718,9.6361,90.0,-0.15679922855547E+03,0.439992,-0.0025510000000000255
0.9818,9.6361,90.0,-0.15679823563402E+03,0.439778,-0.002578999999999998
0.9918,9.6361,90.0,-0.15679710117780E+03,0.439600,-0.002607999999999999
1.0018,9.6361,90.0,-0.15679583555569E+03,0.439728,-0.002610000000000001
1.0118,9.6361,90.0,-0.15679444849653E+03,0.439773,-0.0026239999999999597
1.0218,9.6361,90.0,-0.15679294913079E+03,0.439341,-0.0026820000000000177
0.8218,10.6361,90.0,-0.15678743308648E+03,0.446797,-0.001921000000000006
0.8318,10.6361,90.0,-0.15679041712687E+03,0.445740,-0.0019649999999999945
0.8418,10.6361,90.0,-0.15679298586087E+03,0.445050,-0.0019879999999999898
0.8518,10.6361,90.0,-0.15679516735860E+03,0.444359,-0.0020100000000000118
0.8618,10.6361,90.0,-0.15679698781833E+03,0.443851,-0.002022999999999997
0.8718,10.6361,90.0,-0.15679847170040E+03,0.443098,-0.0020600000000000063
0.8818,10.6361,90.0,-0.15679964185110E+03,0.442500,-0.0020850000000000035
0.8918,10.6361,90.0,-0.15680051961731E+03,0.442297,-0.0020870000000000055
0.9018,10.6361,90.0,-0.15680112495262E+03,0.442105,-0.0020919999999999828
0.9118,10.6361,90.0,-0.15680147651553E+03,0.441749,-0.0021120000000000028
0.9218,10.6361,90.0,-0.15680159176028E+03,0.441578,-0.0021199999999999553
0.9318,10.6361,90.0,-0.15680148702086E+03,0.440969,-0.0021639999999999993
0.9418,10.6361,90.0,-0.15680117758878E+03,0.440424,-0.0022040000000000393
0.9518,10.6361,90.0,-0.15680067778488E+03,0.440448,-0.0022030000000000105
0.9618,10.6361,90.0,-0.15680000102553E+03,0.440480,-0.0022040000000000393
0.9718,10.6361,90.0,-0.15679915988433E+03,0.440233,-0.0022290000000000365
0.9818,10.6361,90.0,-0.15679816614881E+03,0.440081,-0.002251000000000003
0.9918,10.6361,90.0,-0.15679703087294E+03,0.439673,-0.002295000000000047
1.0018,10.6361,90.0,-0.15679576442569E+03,0.439506,-0.0023199999999999887
1.0118,10.6361,90.0,-0.15679437653602E+03,0.439652,-0.0023210000000000175
1.0218,10.6361,90.0,-0.15679287633449E+03,0.439623,-0.0023400000000000087
0.8218,12.6361,90.0,-0.15678737032783E+03,0.446891,-0.001686999999999994
0.8318,12.6361,90.0,-0.15679035360597E+03,0.446066,-0.0017079999999999873
0.8418,12.6361,90.0,-0.15679292157038E+03,0.445647,-0.0017079999999999873
0.8518,12.6361,90.0,-0.15679510229132E+03,0.445248,-0.0017100000000000448
0.8618,12.6361,90.0,-0.15679692196722E+03,0.444701,-0.0017260000000000053
0.8718,12.6361,90.0,-0.15679840505856E+03,0.444350,-0.0017319999999999558
0.8818,12.6361,90.0,-0.15679957441178E+03,0.443577,-0.0017659999999999898
0.8918,12.6361,90.0,-0.15680045137390E+03,0.442876,-0.001796999999999993
0.9018,12.6361,90.0,-0.15680105589868E+03,0.442742,-0.001794999999999991
0.9118,12.6361,90.0,-0.15680140664475E+03,0.442623,-0.0017940000000000178
0.9218,12.6361,90.0,-0.15680152106651E+03,0.442239,-0.001813000000000009
0.9318,12.6361,90.0,-0.15680141549810E+03,0.441954,-0.0018309999999999715
0.9418,12.6361,90.0,-0.15680110523115E+03,0.441426,-0.0018650000000000055
0.9518,12.6361,90.0,-0.15680060458669E+03,0.441140,-0.0018839999999999968
0.9618,12.6361,90.0,-0.15679992698119E+03,0.441167,-0.0018830000000000235
0.9718,12.6361,90.0,-0.15679908498843E+03,0.441030,-0.0018980000000000108
0.9818,12.6361,90.0,-0.15679809039608E+03,0.440815,-0.0019199999999999773
0.9918,12.6361,90.0,-0.15679695425822E+03,0.440641,-0.0019379999999999953
1.0018,12.6361,90.0,-0.15679568694400E+03,0.440762,-0.001937000000000022
1.0118,12.6361,90.0,-0.15679429818250E+03,0.440795,-0.0019480000000000053
1.0218,12.6361,90.0,-0.15679279710445E+03,0.440376,-0.0019899999999999918
0.8218,14.6361,90.0,-0.15678733949718E+03,0.447440,-0.001556999999999975
0.8318,14.6361,90.0,-0.15679032241438E+03,0.446973,-0.001556999999999975
0.8418,14.6361,90.0,-0.15679289001460E+03,0.445903,-0.001593000000000011
0.8518,14.6361,90.0,-0.15679507036818E+03,0.445534,-0.0015920000000000378
0.8618,14.6361,90.0,-0.15679688967362E+03,0.444896,-0.0016120000000000023
0.8718,14.6361,90.0,-0.15679837239147E+03,0.444271,-0.0016279999999999628
0.8818,14.6361,90.0,-0.15679954136823E+03,0.443444,-0.00166299999999997
0.8918,14.6361,90.0,-0.15680041795103E+03,0.442964,-0.001680999999999988
0.9018,14.6361,90.0,-0.15680102209366E+03,0.442477,-0.0016959999999999753
0.9118,14.6361,90.0,-0.15680137245486E+03,0.442049,-0.0017149999999999666
0.9218,14.6361,90.0,-0.15680148648909E+03,0.441589,-0.0017349999999999866
0.9318,14.6361,90.0,-0.15680138053056E+03,0.441158,-0.0017559999999999798
0.9418,14.6361,90.0,-0.15680106987099E+03,0.441112,-0.0017550000000000066
0.9518,14.6361,90.0,-0.15680056883148E+03,0.441064,-0.0017590000000000106
0.9618,14.6361,90.0,-0.15679989082858E+03,0.440848,-0.001774999999999971
0.9718,14.6361,90.0,-0.15679904843612E+03,0.440814,-0.0017790000000000306
0.9818,14.6361,90.0,-0.15679805344187E+03,0.440340,-0.001815000000000011
0.9918,14.6361,90.0,-0.15679691690000E+03,0.439924,-0.0018460000000000143
1.0018,14.6361,90.0,-0.15679564917971E+03,0.440065,-0.0018420000000000103
1.0118,14.6361,90.0,-0.15679426001018E+03,0.440206,-0.001841000000000037
1.0218,14.6361,90.0,-0.15679275852220E+03,0.440070,-0.0018589999999999995
0.8218,16.6361,90.0,-0.15678732263086E+03,0.447329,-0.0014330000000000176
0.8318,16.6361,90.0,-0.15679030535584E+03,0.446284,-0.0014639999999999653
0.8418,16.6361,90.0,-0.15679287276220E+03,0.445596,-0.0014799999999999813
0.8518,16.6361,90.0,-0.15679505292032E+03,0.444909,-0.0014939999999999953
0.8618,16.6361,90.0,-0.15679687202874E+03,0.444294,-0.0015099999999999558
0.8718,16.6361,90.0,-0.15679835454806E+03,0.443655,-0.0015279999999999738
0.8818,16.6361,90.0,-0.15679952332482E+03,0.443056,-0.0015459999999999918
0.8918,16.6361,90.0,-0.15680039970617E+03,0.442848,-0.0015459999999999918
0.9018,16.6361,90.0,-0.15680100364597E+03,0.442648,-0.0015490000000000226
0.9118,16.6361,90.0,-0.15680135380299E+03,0.442290,-0.001562999999999981
0.9218,16.6361,90.0,-0.15680146763172E+03,0.442120,-0.001566999999999985
0.9318,16.6361,90.0,-0.15680136146644E+03,0.441520,-0.0015989999999999616
0.9418,16.6361,90.0,-0.15680105059889E+03,0.440984,-0.0016260000000000163
0.9518,16.6361,90.0,-0.15680054935021E+03,0.441006,-0.0016229999999999856
0.9618,16.6361,90.0,-0.15679987113701E+03,0.441034,-0.001621000000000039
0.9718,16.6361,90.0,-0.15679902853316E+03,0.440792,-0.0016379999999999728
0.9818,16.6361,90.0,-0.15679803332646E+03,0.440636,-0.0016539999999999888
0.9918,16.6361,90.0,-0.15679689657113E+03,0.440232,-0.0016859999999999653
1.0018,16.6361,90.0,-0.15679562863641E+03,0.440068,-0.0017019999999999813
1.0118,16.6361,90.0,-0.15679423925152E+03,0.440209,-0.0016999999999999793
1.0218,16.6361,90.0,-0.15679273754731E+03,0.440178,-0.0017139999999999933
0.8218,18.6361,90.0,-0.15678731264732E+03,0.446989,-0.00142099999999995
0.8318,18.6361,90.0,-0.15679029526081E+03,0.446166,-0.0014359999999999928
0.8418,18.6361,90.0,-0.15679286255480E+03,0.445745,-0.0014359999999999928
0.8518,18.6361,90.0,-0.15679504259965E+03,0.445344,-0.0014379999999999948
0.8618,18.6361,90.0,-0.15679686159394E+03,0.444797,-0.00145099999999998
0.8718,18.6361,90.0,-0.15679834399829E+03,0.444448,-0.001454999999999984
0.8818,18.6361,90.0,-0.15679951265927E+03,0.443680,-0.0014829999999999566
0.8918,18.6361,90.0,-0.15680038892406E+03,0.442984,-0.001507000000000036
0.9018,18.6361,90.0,-0.15680099274653E+03,0.442851,-0.001503000000000032
0.9118,18.6361,90.0,-0.15680134278549E+03,0.442731,-0.0015020000000000033
0.9218,18.6361,90.0,-0.15680145649545E+03,0.442350,-0.0015169999999999906
0.9318,18.6361,90.0,-0.15680135021071E+03,0.442065,-0.0015300000000000313
0.9418,18.6361,90.0,-0.15680103922304E+03,0.441540,-0.0015590000000000326
0.9518,18.6361,90.0,-0.15680053785360E+03,0.441256,-0.0015740000000000198
0.9618,18.6361,90.0,-0.15679985951903E+03,0.441281,-0.0015720000000000178
0.9718,18.6361,90.0,-0.15679901679323E+03,0.441144,-0.0015840000000000298
0.9818,18.6361,90.0,-0.15679802146402E+03,0.440932,-0.0015999999999999903
0.9918,18.6361,90.0,-0.15679688458564E+03,0.440760,-0.001615000000000033
1.0018,18.6361,90.0,-0.15679561652736E+03,0.440878,-0.001613000000000031
1.0118,18.6361,90.0,-0.15679422701844E+03,0.440860,-0.0016260000000000163
1.0218,18.6361,90.0,-0.15679272518974E+03,0.440497,-0.0016559999999999908
0.8218,20.6361,90.0,-0.15678730636899E+03,0.447385,-0.001389000000000029
0.8318,20.6361,90.0,-0.15679028891351E+03,0.446919,-0.0013880000000000003
0.8418,20.6361,90.0,-0.15679285613797E+03,0.445854,-0.0014190000000000036
0.8518,20.6361,90.0,-0.15679503611278E+03,0.445484,-0.0014180000000000303
0.8618,20.6361,90.0,-0.15679685503652E+03,0.444848,-0.0014359999999999928
0.8718,20.6361,90.0,-0.15679833736981E+03,0.444226,-0.0014480000000000048
0.8818,20.6361,90.0,-0.15679950595926E+03,0.443404,-0.0014779999999999793
0.8918,20.6361,90.0,-0.15680038215204E+03,0.442941,-0.0014920000000000488
0.9018,20.6361,90.0,-0.15680098590207E+03,0.442441,-0.001507000000000036
0.9118,20.6361,90.0,-0.15680133586814E+03,0.442017,-0.0015220000000000233
0.9218,20.6361,90.0,-0.15680144950479E+03,0.441558,-0.0015390000000000126
0.9318,20.6361,90.0,-0.15680134314635E+03,0.441130,-0.001556999999999975
0.9418,20.6361,90.0,-0.15680103208458E+03,0.441082,-0.0015570000000000306
0.9518,20.6361,90.0,-0.15680053064069E+03,0.441034,-0.0015590000000000326
0.9618,20.6361,90.0,-0.15679985223130E+03,0.440819,-0.001572999999999991
0.9718,20.6361,90.0,-0.15679900943035E+03,0.440787,-0.0015760000000000218
0.9818,20.6361,90.0,-0.15679801402566E+03,0.440316,-0.001607000000000025
0.9918,20.6361,90.0,-0.15679687707150E+03,0.439904,-0.0016329999999999956
1.0018,20.6361,90.0,-0.15679560893716E+03,0.440045,-0.0016289999999999916
1.0118,20.6361,90.0,-0.15679421935190E+03,0.440186,-0.0016269999999999896
1.0218,20.6361,90.0,-0.15679271744660E+03,0.440052,-0.0016430000000000056
